{"type":"FeatureCollection","features":[
{"type":"Feature","geometry":{"type":"Polygon","coordinates":[[[65,29.556],[65,37.209],[64.952,37.194],[64.816,37.132],[64.782,37.059],[64.753,36.965],[64.603,36.555],[64.566,36.428],[64.511,36.341],[64.358,36.226],[64.184,36.149],[64.092,36.113],[64.051,36.068],[64.042,36.025],[64.01,36.012],[63.938,36.02],[63.863,36.012],[63.697,35.968],[63.517,35.913],[63.302,35.858],[63.179,35.858],[63.13,35.846],[63.109,35.819],[63.17,35.678],[63.119,35.638],[63.084,35.568],[63.057,35.446],[62.858,35.35],[62.723,35.271],[62.611,35.233],[62.463,35.251],[62.387,35.231],[62.308,35.171],[62.271,35.189],[62.253,35.25],[62.213,35.29],[62.09,35.38],[61.984,35.444],[61.938,35.448],[61.841,35.431],[61.72,35.419],[61.621,35.432],[61.543,35.458],[61.422,35.546],[61.345,35.629],[61.262,35.62],[61.282,35.553],[61.279,35.514],[61.246,35.474],[61.199,35.362],[61.189,35.312],[61.1,35.272],[61.107,35.209],[61.15,35.094],[61.123,35.051],[61.07,34.922],[61.08,34.856],[61.04,34.799],[60.958,34.71],[60.951,34.654],[60.802,34.555],[60.739,34.545],[60.726,34.518],[60.804,34.418],[60.889,34.319],[60.643,34.307],[60.57,34.22],[60.486,34.095],[60.527,33.842],[60.486,33.712],[60.511,33.639],[60.574,33.588],[60.655,33.56],[60.806,33.559],[60.907,33.539],[60.917,33.505],[60.859,33.456],[60.767,33.364],[60.718,33.324],[60.561,33.138],[60.562,33.059],[60.577,32.995],[60.71,32.6],[60.829,32.249],[60.827,32.168],[60.79,31.987],[60.788,31.877],[60.804,31.734],[60.792,31.661],[60.821,31.495],[60.854,31.483],[61.346,31.422],[61.66,31.382],[61.755,31.285],[61.814,31.073],[61.811,30.913],[61.784,30.832],[61.559,30.599],[61.104,30.128],[60.843,29.859],[61.224,29.749],[61.521,29.666],[62.001,29.53],[62.373,29.425],[62.477,29.408],[63.568,29.498],[63.971,29.43],[64.099,29.392],[64.172,29.46],[64.266,29.507],[64.394,29.544],[64.521,29.565],[64.704,29.567],[64.827,29.564],[64.919,29.553],[65,29.556]]]},"properties":{"iso3":"AFG","name":"Afghanistan"}},
{"type":"Feature","geometry":{"type":"Polygon","coordinates":[[[19.342,41.869],[19.468,41.856],[19.578,41.788],[19.576,41.64],[19.546,41.597],[19.497,41.563],[19.441,41.425],[19.453,41.321],[19.48,41.236],[19.456,41.106],[19.461,40.933],[19.384,40.791],[19.338,40.664],[19.345,40.622],[19.439,40.47],[19.459,40.405],[19.441,40.376],[19.359,40.409],[19.322,40.407],[19.398,40.285],[19.485,40.21],[19.852,40.044],[19.965,39.872],[19.996,39.801],[20.001,39.709],[20.06,39.699],[20.131,39.662],[20.207,39.654],[20.272,39.701],[20.306,39.797],[20.364,39.792],[20.382,39.842],[20.311,39.951],[20.311,39.979],[20.384,40.017],[20.408,40.049],[20.456,40.066],[20.606,40.083],[20.657,40.117],[20.697,40.246],[20.752,40.335],[20.77,40.392],[20.806,40.445],[20.95,40.494],[21.002,40.563],[21.031,40.622],[21.031,40.659],[20.956,40.775],[20.964,40.85],[20.933,40.903],[20.87,40.918],[20.741,40.905],[20.709,40.928],[20.656,41.062],[20.568,41.128],[20.489,41.273],[20.492,41.391],[20.449,41.521],[20.516,41.575],[20.505,41.706],[20.553,41.862],[20.566,41.874],[20.581,41.917],[20.575,42.013],[20.523,42.171],[20.485,42.223],[20.348,42.309],[20.241,42.339],[20.186,42.426],[20.104,42.525],[20.064,42.547],[20.046,42.55],[19.939,42.507],[19.788,42.476],[19.738,42.525],[19.741,42.607],[19.703,42.648],[19.654,42.629],[19.545,42.492],[19.4,42.342],[19.329,42.249],[19.281,42.173],[19.331,42.129],[19.361,42.069],[19.361,41.998],[19.342,41.869]]]},"properties":{"iso3":"ALB","name":"Albania"}},
{"type":"Feature","geometry":{"type":"Polygon","coordinates":[[[19.99,60.351],[19.945,60.358],[19.888,60.406],[19.823,60.39],[19.788,60.354],[19.872,60.302],[19.848,60.221],[19.785,60.213],[19.779,60.286],[19.687,60.268],[19.672,60.233],[19.746,60.099],[19.8,60.082],[20.034,60.094],[20.043,60.181],[20.125,60.201],[20.195,60.194],[20.259,60.261],[20.24,60.283],[20.087,60.353],[19.99,60.351]]]},"properties":{"iso3":"ALD","name":"Åland"}},
{"type":"Feature","geometry":{"type":"Polygon","coordinates":[[[1.706,42.503],[1.74,42.557],[1.71,42.604],[1.568,42.635],[1.501,42.643],[1.428,42.596],[1.415,42.548],[1.428,42.461],[1.486,42.434],[1.586,42.456],[1.706,42.503]]]},"properties":{"iso3":"AND","name":"Andorra"}},
{"type":"Feature","geometry":{"type":"MultiPolygon","coordinates":[[[[44.768,39.704],[44.867,39.719],[45.032,39.765],[45.076,39.743],[45.149,39.657],[45.153,39.583],[45.173,39.571],[45.253,39.595],[45.35,39.53],[45.457,39.494],[45.611,39.55],[45.687,39.564],[45.75,39.563],[45.784,39.546],[45.796,39.488],[45.766,39.378],[45.799,39.35],[45.925,39.282],[45.977,39.244],[45.952,39.178],[46.046,39.018],[46.114,38.878],[46.17,38.869],[46.318,38.913],[46.491,38.907],[46.49,39.069],[46.475,39.111],[46.401,39.168],[46.42,39.207],[46.477,39.198],[46.55,39.201],[46.585,39.224],[46.507,39.299],[46.378,39.382],[46.378,39.434],[46.478,39.475],[46.481,39.555],[46.322,39.617],[46.202,39.594],[46.095,39.664],[45.94,39.777],[45.863,39.808],[45.79,39.881],[45.662,39.956],[45.58,39.978],[45.63,40.014],[45.858,40.011],[45.886,40.025],[45.968,40.175],[45.965,40.234],[45.736,40.329],[45.57,40.417],[45.454,40.532],[45.376,40.638],[45.401,40.707],[45.579,40.804],[45.588,40.847],[45.444,40.948],[45.419,40.986],[45.369,41.005],[45.273,41.006],[45.106,41.069],[45.071,41.101],[45.19,41.126],[45.152,41.175],[45.085,41.195],[45.023,41.246],[45.001,41.291],[44.976,41.277],[44.811,41.259],[44.841,41.211],[44.565,41.208],[44.473,41.191],[44.227,41.213],[44.146,41.203],[44.077,41.183],[43.909,41.159],[43.793,41.131],[43.645,41.117],[43.492,41.116],[43.439,41.107],[43.455,41.065],[43.517,41.005],[43.592,40.968],[43.632,40.929],[43.696,40.794],[43.723,40.72],[43.713,40.648],[43.668,40.574],[43.569,40.482],[43.616,40.393],[43.608,40.357],[43.678,40.239],[43.71,40.167],[43.666,40.126],[43.792,40.07],[43.942,40.023],[44.005,40.014],[44.178,40.036],[44.289,40.04],[44.4,39.996],[44.56,39.888],[44.734,39.746],[44.768,39.704]],[[45.024,41.027],[44.969,41.027],[44.961,41.079],[45.021,41.078],[45.024,41.027]]],[[[45.552,40.616],[45.562,40.649],[45.504,40.665],[45.479,40.648],[45.479,40.607],[45.552,40.616]]]]},"properties":{"iso3":"ARM","name":"Armenia"}},
{"type":"Feature","geometry":{"type":"Polygon","coordinates":[[[9.528,47.271],[9.572,47.158],[9.611,47.107],[9.58,47.057],[9.745,47.037],[9.845,47.007],[9.878,46.938],[9.997,46.885],[10.133,46.852],[10.18,46.862],[10.349,46.985],[10.415,46.964],[10.455,46.899],[10.453,46.865],[10.479,46.855],[10.689,46.846],[10.76,46.793],[10.829,46.775],[10.927,46.769],[10.993,46.777],[11.025,46.797],[11.063,46.859],[11.134,46.936],[11.244,46.976],[11.433,46.983],[11.528,46.997],[11.625,46.997],[11.699,46.985],[11.776,46.986],[11.97,47.04],[12.169,47.082],[12.201,47.061],[12.131,46.985],[12.154,46.935],[12.268,46.836],[12.388,46.703],[12.479,46.673],[12.599,46.654],[12.7,46.647],[12.806,46.626],[13.169,46.573],[13.352,46.558],[13.49,46.556],[13.7,46.52],[13.831,46.511],[14.02,46.482],[14.1,46.462],[14.267,46.441],[14.504,46.417],[14.55,46.4],[14.597,46.436],[14.757,46.499],[14.841,46.58],[14.893,46.606],[15.001,46.626],[15.217,46.643],[15.439,46.63],[15.545,46.655],[15.633,46.698],[15.767,46.711],[15.958,46.678],[15.98,46.706],[15.977,46.801],[16.037,46.845],[16.093,46.863],[16.253,46.972],[16.332,47.002],[16.424,46.997],[16.453,47.007],[16.493,47.123],[16.438,47.146],[16.417,47.223],[16.463,47.273],[16.434,47.367],[16.443,47.4],[16.515,47.405],[16.623,47.448],[16.677,47.536],[16.64,47.609],[16.432,47.656],[16.47,47.695],[16.551,47.747],[16.647,47.739],[16.748,47.686],[16.823,47.694],[16.973,47.695],[17.067,47.708],[17.03,47.837],[17.04,47.873],[17.078,47.901],[17.089,47.964],[17.147,48.006],[17.086,48.04],[17.068,48.083],[16.973,48.198],[16.865,48.387],[16.863,48.441],[16.943,48.551],[16.953,48.599],[16.928,48.621],[16.884,48.704],[16.713,48.734],[16.601,48.782],[16.478,48.8],[16.367,48.739],[16.219,48.739],[16.057,48.755],[15.825,48.864],[15.701,48.86],[15.599,48.886],[15.403,48.957],[15.311,48.974],[15.2,48.948],[15.067,48.998],[14.993,49.001],[14.972,48.984],[14.947,48.828],[14.923,48.771],[14.822,48.774],[14.707,48.672],[14.691,48.599],[14.489,48.626],[14.431,48.616],[14.368,48.576],[14.19,48.579],[14.049,48.602],[13.989,48.692],[13.924,48.728],[13.815,48.767],[13.803,48.748],[13.799,48.622],[13.785,48.587],[13.724,48.542],[13.675,48.523],[13.487,48.582],[13.46,48.565],[13.409,48.394],[13.323,48.331],[13.215,48.302],[13.082,48.275],[12.897,48.204],[12.814,48.161],[12.76,48.107],[12.76,48.076],[12.85,47.985],[12.954,47.891],[12.954,47.808],[12.898,47.722],[13.034,47.699],[13.054,47.655],[13.048,47.579],[13.014,47.478],[12.968,47.476],[12.879,47.506],[12.783,47.564],[12.796,47.607],[12.771,47.639],[12.686,47.669],[12.483,47.637],[12.436,47.666],[12.363,47.688],[12.197,47.709],[12.204,47.647],[12.186,47.62],[11.717,47.583],[11.574,47.55],[11.47,47.506],[11.393,47.487],[11.374,47.46],[11.298,47.425],[11.212,47.414],[11.191,47.425],[11.042,47.393],[10.981,47.398],[10.894,47.47],[10.873,47.52],[10.742,47.524],[10.659,47.547],[10.43,47.541],[10.404,47.417],[10.369,47.366],[10.313,47.313],[10.241,47.284],[10.183,47.279],[10.2,47.363],[10.096,47.38],[10.034,47.474],[9.972,47.505],[9.839,47.552],[9.749,47.576],[9.651,47.526],[9.549,47.534],[9.524,47.524],[9.626,47.467],[9.609,47.392],[9.528,47.271]]]},"properties":{"iso3":"AUT","name":"Austria"}},
{"type":"Feature","geometry":{"type":"MultiPolygon","coordinates":[[[[44.817,39.65],[44.838,39.629],[45,39.424],[45.072,39.363],[45.113,39.312],[45.141,39.254],[45.191,39.216],[45.256,39.195],[45.389,39.096],[45.48,39.006],[45.575,38.973],[45.922,38.908],[46.114,38.878],[46.046,39.018],[45.952,39.178],[45.977,39.244],[45.925,39.282],[45.799,39.35],[45.766,39.378],[45.796,39.488],[45.784,39.546],[45.75,39.563],[45.687,39.564],[45.611,39.55],[45.457,39.494],[45.35,39.53],[45.253,39.595],[45.173,39.571],[45.153,39.583],[45.149,39.657],[45.076,39.743],[45.032,39.765],[44.867,39.719],[44.768,39.704],[44.817,39.65]]],[[[48.869,38.435],[48.851,38.815],[48.854,38.839],[48.926,38.962],[48.962,39.079],[49.013,39.134],[49.111,39.085],[49.109,39.029],[49.165,39.03],[49.2,39.073],[49.269,39.285],[49.363,39.35],[49.367,39.398],[49.328,39.501],[49.324,39.608],[49.415,39.84],[49.477,40.087],[49.551,40.194],[49.669,40.249],[49.792,40.288],[49.919,40.316],[50.143,40.323],[50.366,40.279],[50.307,40.412],[50.183,40.505],[50.119,40.535],[49.991,40.577],[49.852,40.577],[49.776,40.584],[49.718,40.608],[49.556,40.716],[49.457,40.8],[49.226,41.026],[49.175,41.116],[49.143,41.218],[49.107,41.302],[49.051,41.374],[48.824,41.63],[48.665,41.787],[48.573,41.844],[48.431,41.663],[48.391,41.602],[48.298,41.545],[48.142,41.485],[48.056,41.459],[47.964,41.334],[47.861,41.213],[47.791,41.199],[47.521,41.229],[47.318,41.282],[47.261,41.315],[47.205,41.456],[47.143,41.516],[47.01,41.588],[46.931,41.67],[46.826,41.743],[46.749,41.813],[46.69,41.831],[46.616,41.807],[46.552,41.812],[46.538,41.87],[46.43,41.891],[46.348,41.79],[46.303,41.757],[46.202,41.737],[46.182,41.657],[46.204,41.613],[46.255,41.602],[46.305,41.508],[46.385,41.46],[46.509,41.406],[46.619,41.344],[46.673,41.287],[46.626,41.16],[46.534,41.089],[46.458,41.07],[46.381,41.099],[46.28,41.154],[46.171,41.198],[46.031,41.167],[45.922,41.187],[45.793,41.224],[45.696,41.289],[45.716,41.338],[45.422,41.425],[45.281,41.45],[45.217,41.423],[45.001,41.291],[45.023,41.246],[45.085,41.195],[45.152,41.175],[45.19,41.126],[45.071,41.101],[45.106,41.069],[45.273,41.006],[45.369,41.005],[45.419,40.986],[45.444,40.948],[45.588,40.847],[45.579,40.804],[45.401,40.707],[45.376,40.638],[45.454,40.532],[45.57,40.417],[45.736,40.329],[45.965,40.234],[45.968,40.175],[45.886,40.025],[45.858,40.011],[45.63,40.014],[45.58,39.978],[45.662,39.956],[45.79,39.881],[45.863,39.808],[45.94,39.777],[46.095,39.664],[46.202,39.594],[46.322,39.617],[46.481,39.555],[46.478,39.475],[46.378,39.434],[46.378,39.382],[46.507,39.299],[46.585,39.224],[46.55,39.201],[46.477,39.198],[46.42,39.207],[46.401,39.168],[46.475,39.111],[46.49,39.069],[46.491,38.907],[46.555,38.904],[46.783,39.087],[46.853,39.148],[46.989,39.18],[47.065,39.253],[47.188,39.341],[47.476,39.498],[47.582,39.543],[47.773,39.649],[47.892,39.685],[47.996,39.684],[48.151,39.561],[48.282,39.448],[48.322,39.399],[48.257,39.355],[48.136,39.312],[48.104,39.241],[48.125,39.172],[48.274,39.099],[48.292,39.019],[48.242,38.979],[48.05,38.935],[47.993,38.884],[48.023,38.819],[48.205,38.724],[48.261,38.642],[48.306,38.613],[48.381,38.606],[48.417,38.586],[48.593,38.411],[48.636,38.399],[48.84,38.437],[48.869,38.435]],[[45.552,40.616],[45.479,40.607],[45.479,40.648],[45.504,40.665],[45.562,40.649],[45.552,40.616]]],[[[45.024,41.027],[45.021,41.078],[44.961,41.079],[44.969,41.027],[45.024,41.027]]]]},"properties":{"iso3":"AZE","name":"Azerbaijan"}},
{"type":"Feature","geometry":{"type":"Polygon","coordinates":[[[4.226,51.386],[4.173,51.307],[4.04,51.247],[3.902,51.208],[3.831,51.213],[3.756,51.255],[3.682,51.276],[3.58,51.286],[3.472,51.242],[3.433,51.246],[3.38,51.291],[3.35,51.378],[3.225,51.352],[2.96,51.265],[2.525,51.097],[2.536,51.05],[2.601,50.955],[2.579,50.912],[2.597,50.876],[2.669,50.811],[2.759,50.751],[2.84,50.712],[2.922,50.727],[3.023,50.767],[3.107,50.779],[3.182,50.732],[3.235,50.663],[3.273,50.532],[3.316,50.507],[3.477,50.499],[3.595,50.477],[3.627,50.457],[3.667,50.325],[3.689,50.306],[3.748,50.344],[3.95,50.336],[4.044,50.321],[4.175,50.246],[4.135,50.144],[4.192,50.094],[4.184,50.053],[4.137,50],[4.176,49.96],[4.369,49.945],[4.545,49.96],[4.656,50.002],[4.707,50.097],[4.819,50.153],[4.861,50.136],[4.79,49.96],[4.842,49.915],[4.868,49.788],[5.007,49.778],[5.124,49.721],[5.215,49.689],[5.279,49.678],[5.435,49.554],[5.507,49.511],[5.71,49.539],[5.79,49.538],[5.838,49.578],[5.88,49.645],[5.788,49.759],[5.725,49.808],[5.744,49.92],[5.788,49.961],[5.867,50.083],[5.976,50.167],[6.089,50.155],[6.117,50.121],[6.175,50.233],[6.364,50.316],[6.341,50.452],[6.295,50.485],[6.203,50.499],[6.168,50.545],[6.236,50.597],[6.154,50.637],[6.119,50.679],[6.006,50.732],[5.994,50.75],[5.797,50.755],[5.694,50.775],[5.639,50.844],[5.648,50.867],[5.737,50.932],[5.75,50.989],[5.818,51.086],[5.827,51.126],[5.752,51.169],[5.609,51.198],[5.54,51.239],[5.509,51.275],[5.311,51.26],[5.214,51.279],[5.1,51.346],[5.059,51.453],[5.031,51.469],[4.944,51.408],[4.848,51.403],[4.811,51.453],[4.756,51.491],[4.634,51.422],[4.589,51.422],[4.503,51.475],[4.441,51.46],[4.385,51.428],[4.404,51.367],[4.304,51.362],[4.226,51.386]]]},"properties":{"iso3":"BEL","name":"Belgium"}},
{"type":"Feature","geometry":{"type":"Polygon","coordinates":[[[26.321,41.717],[26.327,41.773],[26.36,41.802],[26.511,41.826],[26.58,41.948],[26.615,41.965],[26.679,41.963],[26.8,41.975],[26.885,41.992],[26.969,42.027],[27.012,42.059],[27.193,42.077],[27.244,42.093],[27.295,42.08],[27.475,41.947],[27.535,41.921],[27.661,41.961],[27.802,41.957],[27.832,41.981],[27.879,41.987],[28.014,41.969],[27.983,42.047],[27.821,42.208],[27.708,42.35],[27.64,42.401],[27.485,42.468],[27.754,42.707],[27.818,42.717],[27.889,42.75],[27.896,43.021],[27.929,43.186],[28.035,43.268],[28.134,43.396],[28.32,43.427],[28.465,43.389],[28.562,43.501],[28.585,43.742],[28.423,43.74],[28.222,43.773],[28.05,43.822],[27.884,43.987],[27.739,43.956],[27.671,43.998],[27.561,44.02],[27.425,44.021],[27.121,44.146],[27.087,44.167],[26.848,44.146],[26.489,44.084],[26.216,44.007],[25.933,43.871],[25.819,43.767],[25.686,43.712],[25.497,43.671],[25.16,43.686],[24.431,43.794],[24.227,43.763],[23.951,43.787],[23.535,43.854],[23.225,43.874],[22.919,43.834],[22.868,43.865],[22.856,43.899],[22.868,43.948],[22.911,43.987],[22.985,44.017],[23.024,44.047],[23.029,44.078],[22.945,44.127],[22.775,44.195],[22.705,44.238],[22.627,44.194],[22.603,44.149],[22.597,44.075],[22.469,44.018],[22.421,44.007],[22.399,43.97],[22.365,43.862],[22.37,43.781],[22.395,43.707],[22.436,43.665],[22.474,43.602],[22.499,43.519],[22.555,43.454],[22.768,43.354],[22.86,43.252],[22.977,43.188],[22.942,43.097],[22.857,43.018],[22.8,42.986],[22.706,42.884],[22.558,42.878],[22.467,42.842],[22.439,42.792],[22.466,42.751],[22.463,42.709],[22.436,42.629],[22.472,42.543],[22.524,42.504],[22.524,42.441],[22.422,42.329],[22.344,42.314],[22.498,42.165],[22.583,42.105],[22.682,42.059],[22.796,42.026],[22.837,41.994],[22.909,41.835],[22.944,41.775],[22.992,41.757],[23.006,41.717],[22.951,41.606],[22.93,41.356],[22.916,41.336],[23.026,41.326],[23.156,41.322],[23.24,41.385],[23.372,41.39],[23.433,41.399],[23.536,41.386],[23.635,41.387],[23.762,41.413],[23.881,41.456],[23.974,41.452],[24.033,41.469],[24.056,41.527],[24.23,41.531],[24.387,41.524],[24.488,41.555],[24.518,41.553],[24.569,41.467],[24.596,41.443],[24.774,41.356],[24.847,41.394],[24.994,41.365],[25.133,41.316],[25.251,41.244],[25.382,41.264],[25.527,41.3],[25.724,41.315],[25.785,41.33],[25.923,41.312],[26.066,41.351],[26.135,41.386],[26.155,41.435],[26.144,41.522],[26.111,41.608],[26.066,41.673],[26.107,41.726],[26.201,41.744],[26.321,41.717]]]},"properties":{"iso3":"BGR","name":"Bulgaria"}},
{"type":"Feature","geometry":{"type":"Polygon","coordinates":[[[19.194,43.533],[19.254,43.584],[19.36,43.593],[19.4,43.568],[19.451,43.562],[19.495,43.643],[19.488,43.704],[19.364,43.845],[19.257,43.943],[19.245,43.965],[19.305,43.993],[19.449,43.978],[19.55,43.987],[19.584,44.011],[19.584,44.043],[19.339,44.226],[19.232,44.281],[19.152,44.303],[19.118,44.36],[19.132,44.484],[19.151,44.527],[19.292,44.697],[19.334,44.781],[19.357,44.859],[19.313,44.897],[19.237,44.914],[19.132,44.9],[19.007,44.869],[18.941,44.865],[18.836,44.883],[18.788,44.915],[18.779,44.977],[18.746,45.027],[18.663,45.077],[18.488,45.086],[18.285,45.134],[18.137,45.119],[17.996,45.142],[17.874,45.077],[17.813,45.078],[17.69,45.158],[17.654,45.163],[17.546,45.123],[17.324,45.164],[17.259,45.171],[17.211,45.156],[17.125,45.172],[16.919,45.277],[16.791,45.197],[16.531,45.217],[16.454,45.162],[16.365,45.058],[16.293,45.009],[16.231,45.027],[16.157,45.072],[16.028,45.19],[15.963,45.211],[15.888,45.216],[15.823,45.203],[15.788,45.179],[15.738,44.856],[15.737,44.766],[15.88,44.682],[16.049,44.538],[16.103,44.521],[16.13,44.474],[16.214,44.215],[16.3,44.125],[16.378,44.06],[16.472,44.003],[16.591,43.913],[16.688,43.815],[16.713,43.779],[16.902,43.649],[17.085,43.517],[17.248,43.47],[17.274,43.446],[17.275,43.344],[17.293,43.306],[17.402,43.199],[17.625,43.043],[17.658,42.98],[17.585,42.938],[17.668,42.897],[17.74,42.915],[17.802,42.902],[17.841,42.845],[18.045,42.741],[18.124,42.691],[18.304,42.599],[18.436,42.56],[18.535,42.62],[18.543,42.674],[18.466,42.777],[18.444,42.968],[18.488,43.012],[18.624,43.028],[18.622,43.125],[18.674,43.231],[18.851,43.346],[18.935,43.339],[18.979,43.285],[19.027,43.292],[19.037,43.357],[18.94,43.497],[18.974,43.542],[19.08,43.518],[19.194,43.533]]]},"properties":{"iso3":"BIH","name":"Bosnia and Herz."}},
{"type":"Feature","geometry":{"type":"Polygon","coordinates":[[[9.524,47.524],[9.183,47.671],[8.881,47.656],[8.831,47.704],[8.793,47.717],[8.728,47.7],[8.618,47.766],[8.51,47.767],[8.436,47.731],[8.403,47.688],[8.452,47.652],[8.552,47.659],[8.559,47.624],[8.478,47.613],[8.415,47.59],[8.328,47.607],[8.198,47.607],[8.094,47.576],[7.927,47.564],[7.698,47.57],[7.616,47.593],[7.495,47.547],[7.42,47.455],[7.343,47.433],[7.266,47.426],[7.203,47.433],[7.136,47.49],[7.053,47.489],[6.968,47.453],[6.9,47.394],[6.921,47.361],[6.984,47.353],[7.001,47.323],[6.952,47.267],[6.625,47.004],[6.456,46.948],[6.439,46.926],[6.429,46.832],[6.41,46.755],[6.161,46.611],[6.068,46.459],[6.06,46.428],[6.123,46.379],[6.096,46.279],[6.036,46.238],[5.97,46.215],[5.971,46.151],[6.087,46.147],[6.199,46.193],[6.273,46.252],[6.23,46.308],[6.235,46.333],[6.322,46.394],[6.429,46.431],[6.578,46.437],[6.758,46.416],[6.784,46.314],[6.817,46.275],[6.772,46.165],[6.897,46.052],[6.954,46.017],[7.021,45.926],[7.129,45.88],[7.328,45.912],[7.452,45.944],[7.539,45.978],[7.593,45.972],[7.788,45.922],[7.993,46.016],[8.014,46.052],[8.125,46.161],[8.127,46.188],[8.082,46.256],[8.096,46.271],[8.232,46.341],[8.299,46.403],[8.371,46.445],[8.423,46.446],[8.443,46.403],[8.438,46.283],[8.458,46.246],[8.565,46.16],[8.642,46.111],[8.819,46.077],[8.827,46.061],[8.778,45.996],[8.885,45.919],[8.904,45.862],[8.954,45.83],[9.024,45.846],[9.047,45.876],[8.999,45.983],[9.022,46.051],[9.071,46.102],[9.203,46.219],[9.251,46.287],[9.26,46.475],[9.304,46.496],[9.428,46.482],[9.441,46.431],[9.481,46.349],[9.529,46.306],[9.639,46.296],[9.788,46.346],[9.884,46.368],[9.939,46.362],[10.041,46.238],[10.081,46.228],[10.145,46.254],[10.11,46.363],[10.082,46.421],[10.046,46.448],[10.038,46.483],[10.087,46.6],[10.196,46.621],[10.272,46.565],[10.363,46.547],[10.431,46.55],[10.438,46.619],[10.398,46.665],[10.406,46.735],[10.453,46.865],[10.455,46.899],[10.415,46.964],[10.349,46.985],[10.18,46.862],[10.133,46.852],[9.997,46.885],[9.878,46.938],[9.845,47.007],[9.745,47.037],[9.58,47.057],[9.488,47.062],[9.484,47.173],[9.528,47.271],[9.609,47.392],[9.626,47.467],[9.524,47.524]]]},"properties":{"iso3":"CHE","name":"Switzerland"}},
{"type":"Feature","geometry":{"type":"Polygon","coordinates":[[[34.004,35.065],[33.931,35.14],[33.908,35.202],[33.942,35.292],[34.463,35.594],[34.556,35.662],[34.411,35.629],[34.272,35.57],[34.192,35.546],[34.063,35.474],[33.608,35.354],[33.459,35.336],[33.308,35.342],[33.123,35.358],[32.942,35.39],[32.926,35.278],[32.88,35.181],[32.772,35.16],[32.713,35.171],[32.72,35.145],[32.784,35.116],[32.869,35.089],[32.92,35.088],[33.078,35.146],[33.191,35.173],[33.248,35.157],[33.326,35.154],[33.384,35.163],[33.424,35.141],[33.456,35.101],[33.464,35.005],[33.526,35.039],[33.675,35.018],[33.792,35.048],[33.866,35.094],[33.966,35.057],[34.004,35.065]]]},"properties":{"iso3":"CYN","name":"N. Cyprus"}},
{"type":"Feature","geometry":{"type":"Polygon","coordinates":[[[32.713,35.171],[32.652,35.183],[32.556,35.156],[32.475,35.09],[32.391,35.05],[32.301,35.083],[32.317,34.953],[32.414,34.778],[32.449,34.729],[32.506,34.706],[32.693,34.649],[32.75,34.648],[32.867,34.661],[32.914,34.635],[32.942,34.576],[33.008,34.57],[33.025,34.637],[33.062,34.675],[33.116,34.696],[33.176,34.698],[33.297,34.718],[33.415,34.751],[33.514,34.806],[33.699,34.97],[33.822,34.966],[33.937,34.971],[34.05,34.988],[34.004,35.065],[33.966,35.057],[33.866,35.094],[33.792,35.048],[33.675,35.018],[33.526,35.039],[33.464,35.005],[33.456,35.101],[33.424,35.141],[33.384,35.163],[33.326,35.154],[33.248,35.157],[33.191,35.173],[33.078,35.146],[32.92,35.088],[32.869,35.089],[32.784,35.116],[32.72,35.145],[32.713,35.171]]]},"properties":{"iso3":"CYP","name":"Cyprus"}},
{"type":"Feature","geometry":{"type":"Polygon","coordinates":[[[18.832,49.511],[18.807,49.614],[18.595,49.758],[18.569,49.818],[18.562,49.879],[18.516,49.902],[18.348,49.93],[18.305,49.914],[18.205,49.965],[18.099,49.993],[18.028,50.035],[17.984,49.999],[17.875,49.972],[17.792,50.007],[17.747,50.057],[17.681,50.101],[17.627,50.116],[17.589,50.157],[17.709,50.194],[17.735,50.231],[17.72,50.299],[17.555,50.264],[17.415,50.255],[17.152,50.378],[16.981,50.416],[16.869,50.415],[16.915,50.345],[16.993,50.26],[16.99,50.237],[16.842,50.187],[16.679,50.097],[16.597,50.122],[16.488,50.248],[16.35,50.345],[16.334,50.367],[16.231,50.394],[16.21,50.424],[16.283,50.483],[16.357,50.5],[16.42,50.574],[16.36,50.621],[16.282,50.656],[16.066,50.63],[16.007,50.612],[15.949,50.67],[15.894,50.677],[15.731,50.74],[15.644,50.749],[15.464,50.794],[15.354,50.812],[15.277,50.883],[15.259,50.959],[15.126,50.993],[14.994,51.014],[14.983,50.887],[14.896,50.861],[14.809,50.859],[14.767,50.818],[14.723,50.815],[14.614,50.856],[14.624,50.915],[14.56,50.955],[14.546,50.994],[14.507,51.01],[14.32,51.038],[14.256,51.002],[14.299,50.953],[14.377,50.914],[14.369,50.899],[14.202,50.861],[14.096,50.823],[13.998,50.801],[13.899,50.761],[13.701,50.717],[13.557,50.705],[13.527,50.693],[13.473,50.617],[13.436,50.601],[13.375,50.622],[13.306,50.586],[13.238,50.577],[13.181,50.51],[13.016,50.49],[12.967,50.416],[12.765,50.431],[12.706,50.409],[12.549,50.393],[12.453,50.35],[12.359,50.273],[12.277,50.181],[12.231,50.245],[12.135,50.311],[12.09,50.302],[12.09,50.269],[12.128,50.213],[12.175,50.176],[12.208,50.098],[12.276,50.042],[12.384,49.999],[12.458,49.956],[12.512,49.896],[12.498,49.853],[12.391,49.74],[12.408,49.713],[12.5,49.64],[12.556,49.575],[12.632,49.461],[12.681,49.415],[12.813,49.329],[12.917,49.33],[13.024,49.26],[13.141,49.158],[13.228,49.112],[13.289,49.097],[13.339,49.061],[13.401,48.978],[13.441,48.956],[13.548,48.96],[13.685,48.877],[13.77,48.816],[13.815,48.767],[13.924,48.728],[13.989,48.692],[14.049,48.602],[14.19,48.579],[14.368,48.576],[14.431,48.616],[14.489,48.626],[14.691,48.599],[14.707,48.672],[14.822,48.774],[14.923,48.771],[14.947,48.828],[14.972,48.984],[14.993,49.001],[15.067,48.998],[15.2,48.948],[15.311,48.974],[15.403,48.957],[15.599,48.886],[15.701,48.86],[15.825,48.864],[16.057,48.755],[16.219,48.739],[16.367,48.739],[16.478,48.8],[16.601,48.782],[16.713,48.734],[16.884,48.704],[16.928,48.621],[16.953,48.599],[16.985,48.677],[17.063,48.781],[17.136,48.841],[17.188,48.861],[17.297,48.843],[17.483,48.828],[17.625,48.842],[17.758,48.888],[17.831,48.929],[17.941,49.012],[18.051,49.037],[18.086,49.065],[18.11,49.18],[18.161,49.257],[18.365,49.336],[18.416,49.391],[18.535,49.465],[18.596,49.491],[18.75,49.494],[18.832,49.511]]]},"properties":{"iso3":"CZE","name":"Czechia"}},
{"type":"Feature","geometry":{"type":"MultiPolygon","coordinates":[[[[12.569,55.785],[12.525,55.918],[12.543,55.959],[12.608,56.033],[12.579,56.064],[12.428,56.106],[12.323,56.122],[12.219,56.119],[12.04,56.052],[11.866,55.968],[11.913,55.937],[11.935,55.896],[11.922,55.828],[11.885,55.808],[11.82,55.698],[11.691,55.729],[11.682,55.829],[11.696,55.908],[11.628,55.957],[11.475,55.943],[11.464,55.879],[11.322,55.753],[11.224,55.731],[11.05,55.74],[10.979,55.722],[11.009,55.644],[11.121,55.601],[11.128,55.535],[11.19,55.466],[11.171,55.329],[11.286,55.204],[11.476,55.212],[11.654,55.187],[11.697,55.096],[11.704,55.039],[11.74,54.972],[11.741,54.915],[11.862,54.773],[12.05,54.815],[12.073,54.977],[12.066,55.07],[12.09,55.188],[12.322,55.237],[12.413,55.286],[12.385,55.386],[12.275,55.414],[12.215,55.467],[12.243,55.538],[12.321,55.588],[12.507,55.637],[12.571,55.685],[12.569,55.785]]],[[[9.74,54.826],[9.705,54.928],[9.732,54.968],[9.645,55.023],[9.572,55.041],[9.454,55.04],[9.505,55.116],[9.643,55.205],[9.671,55.266],[9.626,55.414],[9.591,55.493],[9.661,55.557],[9.773,55.608],[9.81,55.651],[9.899,55.708],[9.999,55.736],[10.024,55.761],[9.962,55.813],[9.904,55.843],[10.017,55.876],[10.183,55.865],[10.227,56.005],[10.319,56.213],[10.427,56.276],[10.539,56.2],[10.621,56.202],[10.753,56.242],[10.856,56.296],[10.894,56.359],[10.926,56.443],[10.846,56.522],[10.49,56.521],[10.384,56.555],[10.283,56.621],[10.297,56.781],[10.287,56.823],[10.296,56.999],[10.338,57.021],[10.437,57.172],[10.524,57.243],[10.518,57.379],[10.537,57.449],[10.445,57.562],[10.481,57.649],[10.61,57.737],[10.533,57.735],[10.259,57.617],[9.962,57.581],[9.815,57.478],[9.554,57.232],[9.434,57.174],[9.299,57.147],[9.036,57.155],[8.952,57.151],[8.812,57.11],[8.619,57.111],[8.427,56.984],[8.284,56.852],[8.268,56.754],[8.347,56.712],[8.468,56.665],[8.603,56.71],[8.772,56.725],[8.876,56.887],[8.993,57.016],[9.11,57.044],[9.255,57.012],[9.21,56.808],[9.196,56.702],[9.067,56.794],[8.888,56.735],[8.736,56.627],[8.718,56.544],[8.672,56.496],[8.608,56.515],[8.553,56.56],[8.473,56.565],[8.281,56.617],[8.164,56.607],[8.13,56.321],[8.121,56.14],[8.202,55.982],[8.181,55.901],[8.132,55.6],[8.345,55.51],[8.616,55.418],[8.651,55.329],[8.67,55.156],[8.573,55.134],[8.638,55.046],[8.661,54.986],[8.67,54.903],[8.903,54.897],[9.186,54.845],[9.255,54.808],[9.342,54.806],[9.499,54.84],[9.616,54.855],[9.661,54.834],[9.74,54.826]]],[[[10.645,55.61],[10.623,55.613],[10.505,55.558],[10.424,55.56],[10.354,55.599],[10.286,55.611],[9.994,55.535],[9.861,55.515],[9.859,55.357],[9.93,55.229],[9.989,55.163],[10.255,55.088],[10.443,55.049],[10.624,55.052],[10.785,55.133],[10.808,55.203],[10.785,55.27],[10.819,55.322],[10.738,55.446],[10.687,55.558],[10.645,55.61]]],[[[11.361,54.892],[11.258,54.952],[11.059,54.941],[11.042,54.893],[11.036,54.773],[11.457,54.629],[11.586,54.662],[11.68,54.654],[11.766,54.679],[11.759,54.768],[11.74,54.807],[11.658,54.833],[11.538,54.83],[11.361,54.892]]],[[[10.734,54.751],[10.921,55.062],[10.951,55.156],[10.925,55.158],[10.857,55.052],[10.738,54.962],[10.692,54.903],[10.622,54.851],[10.69,54.745],[10.734,54.751]]],[[[12.549,54.966],[12.513,54.997],[12.417,55.031],[12.31,55.041],[12.162,54.975],[12.119,54.914],[12.184,54.892],[12.358,54.962],[12.511,54.951],[12.549,54.966]]],[[[10.061,54.886],[9.999,54.986],[9.83,55.058],[9.771,55.06],[9.806,54.906],[9.904,54.897],[9.957,54.872],[10.061,54.886]]],[[[10.607,55.783],[10.662,55.878],[10.636,55.914],[10.547,55.992],[10.516,55.959],[10.544,55.907],[10.52,55.848],[10.527,55.784],[10.607,55.783]]],[[[11.052,57.253],[11.077,57.277],[11.175,57.323],[11.086,57.33],[10.935,57.309],[10.874,57.262],[11.011,57.229],[11.052,57.253]]],[[[15.088,55.022],[15.137,55.087],[15.133,55.145],[14.765,55.297],[14.714,55.238],[14.684,55.102],[14.886,55.033],[15.051,55.005],[15.088,55.022]]]]},"properties":{"iso3":"DNK","name":"Denmark"}},
{"type":"Feature","geometry":{"type":"Polygon","coordinates":[[[8.577,36.937],[8.127,36.91],[7.91,36.856],[7.792,36.88],[7.608,37],[7.432,37.059],[7.204,37.092],[7.238,36.969],[7.143,36.943],[6.928,36.919],[6.576,37.003],[6.487,37.086],[6.328,37.046],[6.249,36.938],[6.065,36.864],[5.725,36.8],[5.425,36.675],[5.295,36.648],[5.196,36.677],[4.995,36.808],[4.878,36.862],[4.758,36.896],[3.779,36.896],[3.521,36.795],[2.973,36.784],[2.846,36.739],[2.593,36.601],[2.343,36.61],[1.975,36.568],[1.257,36.52],[0.972,36.444],[0.791,36.357],[0.515,36.262],[0.312,36.162],[0.152,36.063],[0.048,35.901],[-0.048,35.833],[-0.189,35.819],[-0.351,35.863],[-0.426,35.862],[-0.917,35.668],[-1.088,35.579],[-1.205,35.496],[-1.336,35.364],[-1.484,35.303],[-1.674,35.183],[-1.913,35.094],[-2.018,35.085],[-2.22,35.104],[-2.191,35.03],[-2.132,34.971],[-1.796,34.752],[-1.792,34.723],[-1.85,34.607],[-1.817,34.557],[-1.739,34.496],[-1.733,34.467],[-1.792,34.368],[-1.707,34.176],[-1.693,33.99],[-1.715,33.858],[-1.714,33.782],[-1.703,33.717],[-1.631,33.567],[-1.679,33.319],[-1.625,33.183],[-1.551,33.074],[-1.51,32.878],[-1.45,32.785],[-1.352,32.703],[-1.188,32.608],[-1.111,32.552],[-1.066,32.468],[-1.24,32.338],[-1.262,32.271],[-1.226,32.165],[-1.226,32.107],[-1.275,32.089],[-1.817,32.105],[-2.448,32.13],[-2.523,32.126],[-2.863,32.075],[-2.931,32.043],[-2.988,31.874],[-3.017,31.834],[-3.44,31.705],[-3.605,31.687],[-3.7,31.7],[-3.768,31.69],[-3.827,31.662],[-3.847,31.62],[-3.85,31.566],[-3.837,31.512],[-3.796,31.437],[-3.789,31.362],[-3.815,31.309],[-3.833,31.198],[-3.812,31.167],[-3.771,31.162],[-3.673,31.111],[-3.625,31.066],[-3.627,31.001],[-3.702,30.944],[-3.985,30.914],[-4.323,30.699],[-4.529,30.626],[-4.62,30.605],[-4.779,30.552],[-4.968,30.465],[-5.062,30.326],[-5.18,30.166],[-5.294,30.059],[-5.449,29.957],[-5.775,29.869],[-6.004,29.831],[-6.215,29.811],[-6.358,29.808],[-6.48,29.82],[-6.501,29.809],[-6.521,29.66],[-6.566,29.604],[-6.635,29.569],[-6.856,29.602],[-7.095,29.625],[-7.142,29.62],[-7.235,29.575],[-7.35,29.495],[-7.428,29.425],[-7.486,29.392],[-7.625,29.375],[-7.685,29.35],[-7.944,29.175],[-7.999,29.132],[-8.265,28.981],[-8.34,28.93],[-8.399,28.88],[-8.558,28.768],[-8.66,28.719],[-8.678,28.689],[-8.683,28.621],[-8.683,28.324],[-8.683,27.656],[-8.683,27.286],[-8.197,27],[9.81,27],[9.753,27.219],[9.748,27.331],[9.825,27.553],[9.916,27.786],[9.858,28.043],[9.816,28.56],[9.843,28.967],[9.821,29.115],[9.746,29.369],[9.673,29.567],[9.64,29.636],[9.546,29.796],[9.391,29.994],[9.31,30.115],[9.519,30.229],[9.363,30.833],[9.288,31.125],[9.16,31.621],[9.044,32.072],[9.019,32.105],[8.683,32.31],[8.333,32.544],[8.304,32.696],[8.211,32.927],[8.113,33.055],[8.076,33.089],[7.877,33.172],[7.763,33.233],[7.731,33.269],[7.709,33.362],[7.628,33.549],[7.534,33.718],[7.5,33.832],[7.496,33.977],[7.514,34.081],[7.554,34.125],[7.749,34.254],[7.838,34.41],[8.046,34.513],[8.123,34.564],[8.193,34.646],[8.246,34.734],[8.277,34.979],[8.312,35.085],[8.394,35.204],[8.316,35.403],[8.329,35.582],[8.318,35.655],[8.247,35.802],[8.246,35.871],[8.307,36.189],[8.349,36.368],[8.334,36.418],[8.303,36.456],[8.209,36.495],[8.231,36.545],[8.37,36.633],[8.444,36.761],[8.601,36.834],[8.598,36.884],[8.577,36.937]]]},"properties":{"iso3":"DZA","name":"Algeria"}},
{"type":"Feature","geometry":{"type":"Polygon","coordinates":[[[24.98,27],[33.901,27],[33.893,27.049],[33.849,27.185],[33.802,27.268],[33.697,27.341],[33.657,27.431],[33.55,27.607],[33.559,27.701],[33.547,27.898],[33.495,27.974],[33.372,28.051],[33.202,28.208],[33.023,28.442],[32.898,28.565],[32.857,28.631],[32.829,28.703],[32.784,28.787],[32.659,28.928],[32.632,28.992],[32.638,29.182],[32.599,29.322],[32.565,29.386],[32.397,29.534],[32.36,29.631],[32.409,29.749],[32.489,29.852],[32.473,29.925],[32.566,29.974],[32.647,29.798],[32.721,29.522],[32.767,29.45],[32.812,29.4],[32.871,29.286],[33.076,29.073],[33.13,28.978],[33.204,28.778],[33.202,28.696],[33.248,28.568],[33.416,28.39],[33.594,28.256],[33.76,28.048],[34.045,27.829],[34.22,27.764],[34.319,27.889],[34.4,28.016],[34.427,28.106],[34.446,28.357],[34.617,28.758],[34.736,29.271],[34.849,29.432],[34.904,29.477],[34.87,29.564],[34.735,29.982],[34.659,30.191],[34.53,30.446],[34.49,30.596],[34.401,30.828],[34.329,30.995],[34.245,31.208],[34.198,31.323],[34.176,31.304],[33.903,31.181],[33.667,31.13],[33.378,31.131],[33.194,31.085],[33.13,31.168],[32.902,31.111],[32.854,31.118],[32.685,31.074],[32.603,31.069],[32.533,31.101],[32.324,31.256],[32.251,31.295],[32.216,31.294],[32.282,31.201],[32.207,31.119],[32.102,31.093],[32.066,31.153],[32.008,31.221],[31.902,31.24],[31.771,31.293],[31.876,31.414],[31.892,31.482],[32.076,31.344],[32.136,31.341],[31.964,31.502],[31.889,31.541],[31.607,31.456],[31.524,31.458],[31.194,31.588],[31.083,31.603],[31.052,31.592],[31.031,31.508],[31.002,31.463],[30.841,31.44],[30.7,31.404],[30.563,31.417],[30.884,31.522],[30.924,31.567],[30.571,31.473],[30.395,31.458],[30.312,31.357],[30.262,31.317],[30.223,31.258],[30.128,31.256],[30.049,31.265],[29.93,31.227],[29.592,31.012],[29.429,30.927],[29.279,30.867],[29.16,30.835],[29.072,30.83],[28.973,30.857],[28.807,30.943],[28.515,31.05],[27.968,31.097],[27.83,31.195],[27.62,31.192],[27.54,31.213],[27.248,31.378],[26.769,31.47],[26.457,31.512],[25.893,31.621],[25.382,31.513],[25.225,31.534],[25.15,31.655],[25.057,31.567],[25.023,31.514],[24.93,31.427],[24.853,31.335],[24.86,31.199],[24.878,31.061],[24.929,30.926],[24.974,30.777],[24.961,30.679],[24.923,30.558],[24.878,30.458],[24.726,30.251],[24.703,30.201],[24.712,30.132],[24.804,29.886],[24.811,29.809],[24.866,29.57],[24.916,29.376],[24.972,29.224],[24.98,29.182],[24.98,28.733],[24.98,28.059],[24.98,27.61],[24.98,27]]]},"properties":{"iso3":"EGY","name":"Egypt"}},
{"type":"Feature","geometry":{"type":"MultiPolygon","coordinates":[[[[1.594,38.672],[1.593,38.701],[1.497,38.712],[1.436,38.768],[1.402,38.711],[1.406,38.671],[1.505,38.671],[1.571,38.659],[1.594,38.672]]],[[[3.145,39.79],[3.159,39.837],[3.199,39.89],[3.164,39.924],[3.159,39.971],[2.905,39.908],[2.785,39.855],[2.371,39.613],[2.37,39.572],[2.394,39.54],[2.459,39.53],[2.5,39.478],[2.576,39.531],[2.634,39.556],[2.701,39.542],[2.746,39.51],[2.77,39.41],[2.8,39.385],[2.9,39.368],[3.073,39.301],[3.155,39.333],[3.245,39.387],[3.293,39.477],[3.349,39.556],[3.415,39.627],[3.462,39.698],[3.449,39.761],[3.342,39.787],[3.241,39.757],[3.145,39.79]]],[[[4.294,39.842],[4.322,39.898],[4.315,39.917],[4.226,40.032],[4.059,40.075],[3.853,40.063],[3.843,39.976],[3.867,39.959],[3.968,39.946],[4.275,39.83],[4.294,39.842]]],[[[1.445,38.919],[1.495,38.933],[1.624,39.039],[1.613,39.087],[1.564,39.121],[1.349,39.081],[1.303,39.031],[1.3,38.982],[1.256,38.973],[1.223,38.904],[1.257,38.879],[1.409,38.857],[1.445,38.919]]],[[[1.428,42.596],[1.349,42.691],[1.293,42.71],[1.208,42.713],[1.01,42.779],[0.764,42.838],[0.697,42.845],[0.652,42.8],[0.632,42.69],[0.518,42.686],[0.377,42.7],[0.255,42.693],[0.201,42.719],[-0.041,42.689],[-0.081,42.704],[-0.14,42.749],[-0.299,42.825],[-0.339,42.829],[-0.398,42.808],[-0.481,42.799],[-0.586,42.799],[-0.74,42.91],[-0.763,42.94],[-0.934,42.95],[-1.175,43.021],[-1.285,43.06],[-1.319,43.097],[-1.371,43.038],[-1.429,43.037],[-1.48,43.071],[-1.423,43.149],[-1.411,43.24],[-1.472,43.268],[-1.627,43.282],[-1.753,43.325],[-1.829,43.401],[-1.991,43.345],[-2.197,43.322],[-2.337,43.328],[-2.607,43.413],[-2.875,43.454],[-2.948,43.44],[-3.046,43.372],[-3.418,43.452],[-3.524,43.511],[-3.605,43.519],[-3.774,43.478],[-3.889,43.499],[-4.015,43.463],[-4.313,43.415],[-4.523,43.416],[-5.105,43.502],[-5.316,43.553],[-5.666,43.582],[-5.847,43.645],[-6.08,43.595],[-6.224,43.604],[-6.476,43.579],[-6.617,43.592],[-6.901,43.586],[-7.061,43.554],[-7.262,43.595],[-7.399,43.696],[-7.504,43.74],[-7.595,43.727],[-7.698,43.765],[-7.853,43.707],[-8.005,43.694],[-8.137,43.629],[-8.257,43.58],[-8.289,43.54],[-8.252,43.497],[-8.249,43.439],[-8.355,43.397],[-8.422,43.386],[-8.537,43.337],[-8.666,43.317],[-8.874,43.334],[-9.025,43.239],[-9.178,43.174],[-9.236,43.036],[-9.235,42.977],[-9.179,42.911],[-9.127,42.865],[-9.042,42.814],[-8.927,42.799],[-8.937,42.767],[-9.035,42.662],[-9.033,42.594],[-8.988,42.586],[-8.812,42.64],[-8.812,42.47],[-8.73,42.412],[-8.769,42.358],[-8.81,42.334],[-8.816,42.285],[-8.729,42.287],[-8.691,42.274],[-8.772,42.211],[-8.887,42.105],[-8.878,41.947],[-8.852,41.927],[-8.777,41.941],[-8.683,42.008],[-8.538,42.069],[-8.323,42.115],[-8.266,42.137],[-8.213,42.134],[-8.13,42.018],[-8.213,41.927],[-8.225,41.896],[-8.152,41.812],[-8.094,41.814],[-7.921,41.884],[-7.896,41.871],[-7.693,41.888],[-7.613,41.858],[-7.513,41.836],[-7.404,41.834],[-7.269,41.864],[-7.21,41.895],[-7.195,41.955],[-7.147,41.981],[-7.03,41.951],[-6.866,41.945],[-6.833,41.964],[-6.777,41.958],[-6.704,41.935],[-6.618,41.942],[-6.575,41.913],[-6.558,41.874],[-6.553,41.79],[-6.559,41.704],[-6.542,41.673],[-6.392,41.665],[-6.308,41.642],[-6.243,41.602],[-6.212,41.532],[-6.244,41.516],[-6.289,41.455],[-6.403,41.375],[-6.566,41.304],[-6.69,41.215],[-6.776,41.108],[-6.883,41.062],[-6.928,41.009],[-6.858,40.878],[-6.836,40.777],[-6.818,40.654],[-6.83,40.619],[-6.836,40.483],[-6.848,40.411],[-6.81,40.343],[-6.859,40.301],[-7.015,40.208],[-7.028,40.143],[-6.916,40.057],[-6.896,40.022],[-6.911,39.937],[-6.975,39.798],[-7.037,39.714],[-7.118,39.682],[-7.454,39.681],[-7.536,39.662],[-7.445,39.536],[-7.335,39.465],[-7.306,39.338],[-7.172,39.135],[-7.043,39.107],[-6.998,39.056],[-7.006,38.985],[-7.046,38.907],[-7.125,38.827],[-7.22,38.771],[-7.282,38.715],[-7.286,38.649],[-7.306,38.567],[-7.336,38.501],[-7.343,38.457],[-7.106,38.181],[-6.975,38.194],[-6.958,38.188],[-6.981,38.122],[-7.023,38.045],[-7.185,38.006],[-7.292,37.906],[-7.379,37.786],[-7.444,37.728],[-7.504,37.585],[-7.496,37.524],[-7.467,37.428],[-7.406,37.179],[-7.175,37.209],[-6.975,37.198],[-6.859,37.249],[-6.885,37.194],[-6.492,36.955],[-6.396,36.832],[-6.321,36.908],[-6.259,36.899],[-6.328,36.848],[-6.412,36.729],[-6.384,36.637],[-6.269,36.597],[-6.266,36.527],[-6.226,36.426],[-6.17,36.334],[-6.041,36.188],[-5.961,36.182],[-5.808,36.088],[-5.625,36.026],[-5.551,36.039],[-5.462,36.074],[-5.444,36.151],[-5.407,36.159],[-5.361,36.135],[-5.33,36.236],[-5.231,36.374],[-5.171,36.424],[-4.935,36.502],[-4.674,36.506],[-4.502,36.629],[-4.435,36.7],[-4.367,36.718],[-3.828,36.756],[-3.579,36.74],[-3.431,36.708],[-3.259,36.756],[-3.149,36.758],[-2.902,36.743],[-2.788,36.715],[-2.671,36.748],[-2.596,36.806],[-2.453,36.831],[-2.306,36.82],[-2.188,36.745],[-2.112,36.777],[-1.939,36.946],[-1.798,37.233],[-1.641,37.387],[-1.328,37.561],[-0.938,37.571],[-0.822,37.581],[-0.772,37.596],[-0.722,37.631],[-0.823,37.712],[-0.815,37.77],[-0.753,37.85],[-0.742,37.886],[-0.683,37.992],[-0.647,38.152],[-0.551,38.203],[-0.521,38.317],[-0.381,38.436],[-0.053,38.586],[0.136,38.697],[0.202,38.759],[0.155,38.825],[-0.034,38.891],[-0.134,38.969],[-0.205,39.063],[-0.329,39.417],[-0.327,39.52],[-0.075,39.876],[0.043,40.014],[0.158,40.107],[0.364,40.319],[0.596,40.615],[0.66,40.613],[0.721,40.63],[0.859,40.686],[0.891,40.722],[0.796,40.804],[0.715,40.823],[0.817,40.892],[1.033,41.062],[1.206,41.098],[1.567,41.196],[2.083,41.287],[2.146,41.321],[2.311,41.467],[3.005,41.767],[3.147,41.861],[3.248,41.944],[3.238,42.082],[3.225,42.111],[3.15,42.162],[3.166,42.256],[3.219,42.26],[3.307,42.289],[3.288,42.344],[3.24,42.368],[3.211,42.431],[3.152,42.431],[2.97,42.467],[2.891,42.456],[2.816,42.429],[2.702,42.408],[2.67,42.393],[2.652,42.34],[2.568,42.346],[2.374,42.39],[2.2,42.421],[2.098,42.386],[2.033,42.354],[1.987,42.358],[1.928,42.426],[1.86,42.457],[1.706,42.503],[1.586,42.456],[1.486,42.434],[1.428,42.461],[1.415,42.548],[1.428,42.596]]],[[[-16.334,28.38],[-16.119,28.528],[-16.124,28.576],[-16.319,28.558],[-16.517,28.413],[-16.557,28.4],[-16.752,28.37],[-16.843,28.376],[-16.905,28.34],[-16.866,28.293],[-16.795,28.149],[-16.658,28.007],[-16.543,28.032],[-16.496,28.062],[-16.418,28.151],[-16.334,28.38]]],[[[-13.716,28.911],[-13.555,28.96],[-13.478,29.007],[-13.454,29.151],[-13.423,29.198],[-13.464,29.237],[-13.501,29.211],[-13.535,29.144],[-13.65,29.119],[-13.788,29.056],[-13.824,29.013],[-13.86,28.869],[-13.784,28.845],[-13.716,28.911]]],[[[-14.197,28.169],[-13.928,28.253],[-13.863,28.409],[-13.828,28.585],[-13.827,28.691],[-13.857,28.738],[-13.954,28.741],[-14.003,28.707],[-14.028,28.617],[-14.153,28.407],[-14.232,28.216],[-14.356,28.13],[-14.492,28.101],[-14.469,28.082],[-14.333,28.056],[-14.197,28.169]]],[[[-15.401,28.147],[-15.453,28.137],[-15.683,28.154],[-15.721,28.064],[-15.809,27.994],[-15.807,27.888],[-15.71,27.784],[-15.656,27.758],[-15.559,27.747],[-15.437,27.811],[-15.389,27.875],[-15.383,27.993],[-15.407,28.071],[-15.401,28.147]]],[[[-17.185,28.022],[-17.101,28.083],[-17.13,28.156],[-17.214,28.199],[-17.259,28.203],[-17.29,28.176],[-17.325,28.118],[-17.274,28.038],[-17.225,28.014],[-17.185,28.022]]],[[[-17.888,27.81],[-17.925,27.85],[-18.043,27.768],[-18.161,27.761],[-18.107,27.707],[-17.985,27.646],[-17.888,27.81]]],[[[-17.834,28.493],[-17.758,28.569],[-17.744,28.616],[-17.752,28.689],[-17.727,28.724],[-17.745,28.787],[-17.798,28.847],[-17.929,28.845],[-18.001,28.758],[-17.882,28.565],[-17.859,28.486],[-17.834,28.493]]]]},"properties":{"iso3":"ESP","name":"Spain"}},
{"type":"Feature","geometry":{"type":"MultiPolygon","coordinates":[[[[27.352,57.528],[27.372,57.613],[27.4,57.667],[27.492,57.725],[27.542,57.799],[27.753,57.841],[27.769,57.884],[27.673,57.935],[27.644,58.014],[27.571,58.138],[27.502,58.221],[27.488,58.27],[27.53,58.381],[27.531,58.435],[27.427,58.733],[27.464,58.841],[27.513,58.886],[27.622,58.945],[27.758,59.052],[27.898,59.278],[28.016,59.302],[28.061,59.343],[28.151,59.374],[28.066,59.453],[28.002,59.47],[27.893,59.414],[27.336,59.45],[26.975,59.451],[26.852,59.472],[26.625,59.554],[26.461,59.554],[25.794,59.635],[25.616,59.628],[25.509,59.639],[25.521,59.559],[25.444,59.521],[24.878,59.522],[24.584,59.456],[24.38,59.473],[24.175,59.376],[24.054,59.372],[24.083,59.292],[23.783,59.275],[23.641,59.242],[23.494,59.196],[23.517,59.108],[23.468,59.032],[23.515,58.999],[23.432,58.921],[23.534,58.782],[23.681,58.787],[23.647,58.754],[23.531,58.716],[23.509,58.659],[23.563,58.576],[23.692,58.506],[23.706,58.433],[23.768,58.361],[24.011,58.307],[24.115,58.266],[24.236,58.29],[24.337,58.381],[24.392,58.386],[24.529,58.354],[24.55,58.305],[24.488,58.262],[24.464,58.106],[24.332,57.91],[24.323,57.871],[24.363,57.866],[24.459,57.908],[24.776,57.985],[24.911,58.005],[25.111,58.063],[25.229,57.997],[25.273,58.009],[25.283,58.048],[25.34,58.039],[25.571,57.943],[25.721,57.914],[25.794,57.869],[25.991,57.838],[26.03,57.786],[26.298,57.601],[26.462,57.544],[26.533,57.531],[26.9,57.609],[26.966,57.609],[27.033,57.579],[27.187,57.538],[27.352,57.528]]],[[[22.617,58.621],[22.547,58.627],[22.474,58.605],[22.328,58.581],[22.267,58.508],[22.169,58.516],[22.081,58.478],[22.002,58.51],[21.924,58.514],[21.862,58.497],[21.984,58.387],[21.924,58.316],[21.854,58.302],[21.882,58.262],[22.035,58.213],[22.104,58.172],[22.188,58.154],[22.153,58.115],[21.986,57.995],[21.997,57.931],[22.076,57.936],[22.152,57.967],[22.227,58.052],[22.269,58.161],[22.372,58.217],[22.498,58.236],[22.73,58.231],[22.757,58.261],[22.885,58.311],[22.98,58.364],[23.035,58.372],[23.127,58.436],[23.323,58.451],[23.293,58.483],[22.964,58.606],[22.82,58.622],[22.688,58.597],[22.617,58.621]]],[[[22.924,58.827],[23.009,58.834],[22.982,58.92],[22.91,58.991],[22.725,59.015],[22.702,59.074],[22.587,59.081],[22.505,59.026],[22.463,58.974],[22.056,58.944],[22.162,58.898],[22.307,58.895],[22.411,58.863],[22.479,58.754],[22.473,58.712],[22.542,58.69],[22.661,58.709],[22.767,58.821],[22.842,58.777],[22.924,58.827]]],[[[23.344,58.55],[23.356,58.576],[23.333,58.649],[23.165,58.678],[23.109,58.659],[23.063,58.611],[23.26,58.54],[23.344,58.55]]]]},"properties":{"iso3":"EST","name":"Estonia"}},
{"type":"Feature","geometry":{"type":"MultiPolygon","coordinates":[[[[24.155,65.805],[24.238,65.812],[24.404,65.78],[24.533,65.822],[24.623,65.832],[24.582,65.757],[24.675,65.671],[24.839,65.66],[25.242,65.546],[25.348,65.479],[25.308,65.353],[25.298,65.243],[25.256,65.143],[25.34,65.099],[25.373,65.009],[25.271,64.984],[25.228,64.951],[25.281,64.916],[25.288,64.86],[25.214,64.853],[25.134,64.875],[24.942,64.884],[24.748,64.852],[24.658,64.806],[24.558,64.801],[24.53,64.739],[24.441,64.68],[24.278,64.515],[24.022,64.386],[23.925,64.274],[23.861,64.258],[23.653,64.134],[23.599,64.041],[23.494,64.034],[23.249,63.896],[23.014,63.822],[22.756,63.683],[22.532,63.648],[22.528,63.58],[22.398,63.491],[22.313,63.473],[22.243,63.438],[22.316,63.346],[22.32,63.31],[22.12,63.244],[21.896,63.21],[21.8,63.238],[21.545,63.204],[21.569,63.114],[21.651,63.039],[21.474,63.033],[21.458,62.95],[21.196,62.791],[21.144,62.74],[21.104,62.623],[21.166,62.414],[21.323,62.343],[21.354,62.224],[21.256,61.99],[21.385,61.915],[21.471,61.812],[21.546,61.703],[21.552,61.667],[21.606,61.592],[21.592,61.568],[21.498,61.552],[21.552,61.51],[21.507,61.484],[21.521,61.411],[21.513,61.281],[21.479,61.171],[21.378,61.059],[21.361,60.967],[21.379,60.85],[21.404,60.767],[21.411,60.637],[21.436,60.596],[21.528,60.57],[21.613,60.531],[21.727,60.583],[21.805,60.594],[21.854,60.505],[21.934,60.5],[22.258,60.401],[22.521,60.377],[22.576,60.359],[22.512,60.281],[22.588,60.256],[22.564,60.206],[22.47,60.201],[22.471,60.147],[22.439,60.09],[22.463,60.029],[22.646,60.028],[22.793,60.077],[22.819,60.101],[22.844,60.187],[22.912,60.21],[22.994,60.099],[23.08,60.047],[23.198,60.022],[23.188,59.972],[23.116,59.913],[23.01,59.869],[22.964,59.826],[23.021,59.816],[23.181,59.845],[23.327,59.926],[23.464,59.986],[23.593,59.968],[23.722,59.966],[24.025,60.009],[24.343,60.042],[24.446,60.021],[24.518,60.046],[24.6,60.114],[24.849,60.158],[24.958,60.157],[25.156,60.194],[25.268,60.248],[25.456,60.261],[25.548,60.302],[25.656,60.333],[25.715,60.267],[25.758,60.268],[25.846,60.315],[25.946,60.347],[26.036,60.342],[26.04,60.372],[25.956,60.474],[26.036,60.475],[26.205,60.407],[26.378,60.424],[26.456,60.467],[26.496,60.552],[26.569,60.625],[26.602,60.596],[26.551,60.546],[26.52,60.472],[26.535,60.413],[26.607,60.438],[26.721,60.455],[26.951,60.471],[27.076,60.525],[27.242,60.539],[27.462,60.465],[27.525,60.491],[27.669,60.499],[27.798,60.536],[28.407,60.897],[28.663,61.003],[28.739,61.059],[28.993,61.169],[29.252,61.288],[29.492,61.444],[29.69,61.546],[29.933,61.712],[30.01,61.757],[30.306,61.965],[30.48,62.068],[30.566,62.128],[30.936,62.324],[31.187,62.481],[31.286,62.568],[31.382,62.692],[31.437,62.776],[31.534,62.885],[31.509,62.955],[31.337,63.068],[31.181,63.208],[30.975,63.301],[30.419,63.504],[30.055,63.689],[30.004,63.747],[30.21,63.803],[30.415,63.948],[30.504,64.021],[30.528,64.141],[30.488,64.237],[30.391,64.282],[30.108,64.366],[29.987,64.524],[29.986,64.558],[30.12,64.645],[30.11,64.733],[30.073,64.765],[29.783,64.804],[29.702,64.846],[29.604,64.968],[29.622,65.04],[29.811,65.108],[29.827,65.145],[29.811,65.205],[29.63,65.224],[29.617,65.265],[29.715,65.337],[29.728,65.473],[29.819,65.569],[29.716,65.625],[29.883,65.664],[30.095,65.682],[30.088,65.787],[29.937,66.023],[29.903,66.091],[29.671,66.276],[29.591,66.357],[29.544,66.44],[29.464,66.532],[29.293,66.696],[29.093,66.849],[29.066,66.892],[29.087,66.971],[29.243,67.097],[29.572,67.324],[29.751,67.426],[29.941,67.547],[29.988,67.668],[29.979,67.689],[29.822,67.754],[29.524,67.929],[29.344,68.062],[28.685,68.19],[28.56,68.351],[28.471,68.488],[28.479,68.538],[28.752,68.771],[28.773,68.84],[28.706,68.866],[28.454,68.872],[28.414,68.904],[28.566,68.928],[28.966,69.022],[28.892,69.061],[28.833,69.119],[28.846,69.177],[29.025,69.288],[29.239,69.394],[29.333,69.473],[29.142,69.671],[28.8,69.731],[28.412,69.823],[28.269,69.871],[28.047,69.972],[27.89,70.062],[27.748,70.065],[27.592,70.042],[27.206,69.919],[27.109,69.905],[26.934,69.928],[26.74,69.933],[26.525,69.915],[26.308,69.782],[26.012,69.653],[25.962,69.589],[25.85,69.367],[25.767,69.283],[25.749,69.231],[25.768,69.076],[25.748,68.99],[25.647,68.919],[25.575,68.887],[25.357,68.862],[25.249,68.821],[25.173,68.765],[25.087,68.64],[24.941,68.593],[24.802,68.606],[24.703,68.653],[24.332,68.712],[23.997,68.798],[23.854,68.806],[23.707,68.714],[23.463,68.678],[23.324,68.649],[23.144,68.643],[23.072,68.674],[22.501,68.72],[22.411,68.72],[22.383,68.777],[22.3,68.856],[21.989,69.041],[21.82,69.154],[21.622,69.271],[21.461,69.277],[21.267,69.274],[21.144,69.247],[21.053,69.187],[21.128,69.081],[21.066,69.042],[20.889,69.071],[20.676,69.069],[20.622,69.037],[20.895,68.98],[20.919,68.907],[21.183,68.829],[21.26,68.787],[21.422,68.725],[21.465,68.691],[21.616,68.651],[21.724,68.609],[21.997,68.521],[22.195,68.478],[22.362,68.464],[22.782,68.391],[22.975,68.316],[23.098,68.258],[23.183,68.137],[23.319,68.13],[23.355,68.089],[23.474,68.017],[23.639,67.954],[23.633,67.933],[23.502,67.875],[23.488,67.797],[23.5,67.696],[23.537,67.59],[23.465,67.518],[23.468,67.45],[23.661,67.44],[23.734,67.423],[23.775,67.329],[23.657,67.268],[23.623,67.184],[23.677,67.068],[23.759,67.003],[23.942,66.878],[23.989,66.811],[23.939,66.776],[23.894,66.707],[23.866,66.577],[23.768,66.506],[23.701,66.481],[23.674,66.381],[23.7,66.253],[23.751,66.191],[23.907,66.148],[24.049,65.99],[24.155,65.805]]],[[[21.218,63.241],[21.236,63.278],[21.084,63.278],[21.149,63.199],[21.253,63.152],[21.31,63.163],[21.422,63.246],[21.366,63.262],[21.287,63.228],[21.218,63.241]]],[[[22.175,60.371],[22.126,60.356],[22.077,60.286],[22.188,60.237],[22.258,60.166],[22.361,60.166],[22.306,60.229],[22.313,60.27],[22.416,60.303],[22.355,60.356],[22.302,60.348],[22.175,60.371]]],[[[21.451,60.53],[21.301,60.596],[21.215,60.604],[21.244,60.526],[21.3,60.48],[21.437,60.483],[21.451,60.53]]],[[[24.848,64.991],[24.971,65.055],[24.786,65.086],[24.651,65.074],[24.577,65.043],[24.579,64.979],[24.699,64.958],[24.848,64.991]]]]},"properties":{"iso3":"FIN","name":"Finland"}},
{"type":"Feature","geometry":{"type":"MultiPolygon","coordinates":[[[[-6.623,61.806],[-6.662,61.862],[-6.791,61.895],[-6.885,61.899],[-6.839,61.841],[-6.67,61.769],[-6.623,61.806]]],[[[-6.699,61.445],[-6.704,61.496],[-6.77,61.584],[-6.929,61.603],[-6.888,61.535],[-6.771,61.452],[-6.699,61.445]]],[[[-7.187,62.139],[-7.235,62.151],[-7.423,62.14],[-7.379,62.075],[-7.255,62.046],[-7.117,62.047],[-7.065,62.073],[-7.187,62.139]]],[[[-6.631,62.228],[-6.804,62.266],[-6.959,62.316],[-7.172,62.286],[-7.014,62.094],[-6.81,61.977],[-6.723,61.99],[-6.838,62.095],[-6.823,62.139],[-6.656,62.094],[-6.631,62.228]]]]},"properties":{"iso3":"FRO","name":"Faeroe Is."}},
{"type":"Feature","geometry":{"type":"Polygon","coordinates":[[[43.439,41.107],[43.492,41.116],[43.645,41.117],[43.793,41.131],[43.909,41.159],[44.077,41.183],[44.146,41.203],[44.227,41.213],[44.473,41.191],[44.565,41.208],[44.841,41.211],[44.811,41.259],[44.976,41.277],[45.001,41.291],[45.217,41.423],[45.281,41.45],[45.422,41.425],[45.716,41.338],[45.696,41.289],[45.793,41.224],[45.922,41.187],[46.031,41.167],[46.171,41.198],[46.28,41.154],[46.381,41.099],[46.458,41.07],[46.534,41.089],[46.626,41.16],[46.673,41.287],[46.619,41.344],[46.509,41.406],[46.385,41.46],[46.305,41.508],[46.255,41.602],[46.204,41.613],[46.182,41.657],[46.202,41.737],[46.303,41.757],[46.348,41.79],[46.43,41.891],[46.412,41.905],[46.268,41.96],[46.213,41.99],[46.048,42.009],[45.954,42.035],[45.846,42.11],[45.727,42.159],[45.639,42.205],[45.634,42.235],[45.688,42.357],[45.728,42.475],[45.656,42.518],[45.563,42.536],[45.344,42.53],[45.208,42.648],[45.16,42.675],[45.072,42.694],[44.871,42.756],[44.85,42.747],[44.771,42.617],[44.692,42.71],[44.644,42.735],[44.576,42.748],[44.506,42.749],[44.329,42.704],[44.103,42.616],[44.005,42.596],[43.957,42.567],[43.826,42.572],[43.76,42.594],[43.738,42.617],[43.75,42.658],[43.795,42.703],[43.783,42.747],[43.623,42.808],[43.558,42.844],[43.348,42.897],[43.089,42.989],[43,43.05],[42.992,43.092],[42.89,43.133],[42.761,43.17],[42.566,43.155],[42.419,43.224],[42.28,43.228],[42.122,43.207],[42.05,43.19],[41.581,43.219],[41.461,43.276],[41.358,43.333],[41.083,43.374],[40.942,43.418],[40.802,43.48],[40.648,43.534],[40.519,43.512],[40.342,43.543],[40.15,43.57],[40.085,43.553],[39.978,43.42],[40.191,43.312],[40.462,43.146],[40.524,43.121],[40.837,43.063],[41.062,42.931],[41.129,42.828],[41.419,42.738],[41.489,42.659],[41.663,42.147],[41.763,41.97],[41.759,41.817],[41.702,41.705],[41.51,41.517],[41.702,41.472],[41.824,41.432],[41.926,41.496],[42.078,41.494],[42.211,41.487],[42.364,41.454],[42.466,41.44],[42.508,41.47],[42.567,41.559],[42.607,41.579],[42.682,41.586],[42.788,41.564],[42.822,41.492],[42.907,41.467],[43.057,41.353],[43.149,41.307],[43.153,41.236],[43.205,41.199],[43.279,41.185],[43.359,41.19],[43.433,41.156],[43.439,41.107]]]},"properties":{"iso3":"GEO","name":"Georgia"}},
{"type":"Feature","geometry":{"type":"MultiPolygon","coordinates":[[[[26.321,41.717],[26.201,41.744],[26.107,41.726],[26.066,41.673],[26.111,41.608],[26.144,41.522],[26.155,41.435],[26.135,41.386],[26.066,41.351],[25.923,41.312],[25.785,41.33],[25.724,41.315],[25.527,41.3],[25.382,41.264],[25.251,41.244],[25.133,41.316],[24.994,41.365],[24.847,41.394],[24.774,41.356],[24.596,41.443],[24.569,41.467],[24.518,41.553],[24.488,41.555],[24.387,41.524],[24.23,41.531],[24.056,41.527],[24.033,41.469],[23.974,41.452],[23.881,41.456],[23.762,41.413],[23.635,41.387],[23.536,41.386],[23.433,41.399],[23.372,41.39],[23.24,41.385],[23.156,41.322],[23.026,41.326],[22.916,41.336],[22.784,41.332],[22.755,41.313],[22.725,41.179],[22.604,41.14],[22.494,41.119],[22.401,41.123],[22.238,41.155],[22.184,41.159],[22.139,41.141],[21.993,41.131],[21.929,41.107],[21.779,40.95],[21.628,40.896],[21.576,40.869],[21.46,40.904],[21.404,40.907],[21.324,40.867],[21.148,40.863],[20.964,40.85],[20.956,40.775],[21.031,40.659],[21.031,40.622],[21.002,40.563],[20.95,40.494],[20.806,40.445],[20.77,40.392],[20.752,40.335],[20.697,40.246],[20.657,40.117],[20.606,40.083],[20.456,40.066],[20.408,40.049],[20.384,40.017],[20.311,39.979],[20.311,39.951],[20.382,39.842],[20.364,39.792],[20.306,39.797],[20.272,39.701],[20.207,39.654],[20.131,39.662],[20.06,39.699],[20.001,39.709],[20.099,39.641],[20.191,39.546],[20.301,39.327],[20.468,39.255],[20.572,39.148],[20.691,39.067],[20.713,39.035],[20.78,39.009],[20.923,39.037],[21.034,39.026],[21.118,39.03],[21.145,38.979],[21.152,38.922],[21.074,38.885],[20.893,38.941],[20.777,38.928],[20.769,38.874],[20.777,38.808],[20.873,38.776],[20.992,38.654],[21.113,38.385],[21.183,38.346],[21.303,38.374],[21.355,38.475],[21.39,38.408],[21.473,38.321],[21.568,38.334],[21.65,38.354],[21.805,38.367],[21.965,38.412],[22.227,38.353],[22.32,38.357],[22.385,38.386],[22.422,38.439],[22.583,38.345],[22.754,38.29],[22.834,38.235],[22.933,38.202],[22.995,38.216],[23.094,38.196],[23.149,38.176],[23.183,38.134],[23.122,38.073],[22.955,38.075],[22.893,38.051],[22.917,38.007],[22.92,37.958],[22.8,37.981],[22.712,38.047],[22.556,38.113],[22.244,38.189],[21.953,38.321],[21.825,38.328],[21.748,38.274],[21.658,38.175],[21.549,38.165],[21.451,38.205],[21.404,38.197],[21.308,38.027],[21.145,37.919],[21.125,37.892],[21.138,37.854],[21.205,37.829],[21.288,37.775],[21.329,37.669],[21.416,37.64],[21.571,37.541],[21.679,37.387],[21.692,37.309],[21.579,37.2],[21.583,37.081],[21.738,36.863],[21.892,36.737],[21.934,36.804],[21.956,36.99],[22.012,37.017],[22.08,37.029],[22.134,36.964],[22.165,36.903],[22.231,36.883],[22.376,36.702],[22.381,36.646],[22.375,36.514],[22.489,36.447],[22.489,36.568],[22.608,36.78],[22.717,36.794],[22.78,36.786],[22.832,36.687],[22.983,36.528],[23.107,36.452],[23.16,36.448],[23.112,36.548],[23.041,36.645],[23.074,36.775],[23.06,36.854],[22.995,37.016],[22.851,37.291],[22.765,37.393],[22.725,37.542],[22.775,37.585],[22.851,37.532],[22.941,37.517],[23.096,37.441],[23.1,37.364],[23.162,37.334],[23.253,37.377],[23.489,37.44],[23.491,37.464],[23.409,37.542],[23.396,37.58],[23.348,37.598],[23.263,37.595],[23.198,37.62],[23.147,37.716],[23.147,37.795],[23.086,37.853],[23.036,37.878],[23.087,37.913],[23.194,37.959],[23.42,37.992],[23.502,38.035],[23.58,38.011],[23.733,37.884],[23.877,37.778],[23.972,37.677],[24.02,37.678],[24.055,37.71],[24.061,37.818],[24.033,37.955],[24.025,38.14],[24.005,38.227],[23.967,38.275],[23.836,38.325],[23.684,38.352],[23.57,38.489],[23.369,38.526],[23.253,38.661],[23.138,38.668],[23.02,38.742],[22.774,38.8],[22.688,38.849],[22.569,38.867],[22.597,38.891],[22.803,38.902],[22.93,38.948],[23.067,39.038],[22.966,39.031],[22.939,39.112],[22.886,39.17],[22.839,39.259],[22.921,39.306],[22.993,39.331],[23.162,39.258],[23.169,39.21],[23.119,39.133],[23.155,39.101],[23.218,39.104],[23.328,39.175],[23.288,39.289],[23.233,39.358],[23.103,39.492],[22.979,39.564],[22.919,39.629],[22.836,39.801],[22.592,40.037],[22.569,40.119],[22.605,40.276],[22.643,40.367],[22.625,40.429],[22.629,40.496],[22.742,40.536],[22.811,40.579],[22.922,40.591],[22.893,40.524],[22.851,40.491],[22.896,40.4],[23.098,40.304],[23.312,40.216],[23.328,40.09],[23.396,39.99],[23.627,39.924],[23.674,39.959],[23.467,40.074],[23.433,40.115],[23.386,40.222],[23.426,40.264],[23.665,40.224],[23.835,40.022],[23.947,39.966],[24.001,40.025],[23.967,40.115],[23.918,40.155],[23.823,40.205],[23.721,40.286],[23.728,40.33],[23.823,40.368],[23.913,40.359],[24.056,40.304],[24.159,40.28],[24.232,40.215],[24.343,40.148],[24.292,40.242],[24.213,40.328],[24.031,40.409],[23.932,40.406],[23.867,40.419],[23.832,40.482],[23.879,40.544],[23.779,40.628],[23.743,40.677],[23.763,40.748],[23.946,40.748],[24.082,40.724],[24.234,40.786],[24.384,40.913],[24.477,40.948],[24.557,40.936],[24.679,40.869],[24.793,40.858],[25.005,40.968],[25.104,40.995],[25.25,40.933],[25.325,40.943],[25.497,40.888],[25.856,40.844],[26.011,40.769],[26.039,40.727],[26.109,40.75],[26.179,40.827],[26.331,40.954],[26.354,40.997],[26.333,41.064],[26.326,41.143],[26.331,41.239],[26.536,41.343],[26.602,41.354],[26.625,41.402],[26.61,41.512],[26.581,41.601],[26.495,41.633],[26.411,41.696],[26.321,41.717]]],[[[20.612,38.383],[20.55,38.457],[20.548,38.395],[20.52,38.332],[20.481,38.318],[20.435,38.356],[20.409,38.337],[20.352,38.222],[20.391,38.188],[20.452,38.234],[20.499,38.184],[20.524,38.107],[20.569,38.098],[20.606,38.12],[20.761,38.071],[20.781,38.089],[20.789,38.142],[20.695,38.246],[20.625,38.268],[20.612,38.383]]],[[[20.888,37.805],[20.84,37.841],[20.759,37.853],[20.692,37.93],[20.62,37.855],[20.635,37.823],[20.704,37.743],[20.819,37.665],[20.909,37.732],[20.994,37.708],[20.888,37.805]]],[[[20.687,38.609],[20.715,38.638],[20.72,38.799],[20.694,38.844],[20.635,38.818],[20.592,38.76],[20.558,38.662],[20.584,38.602],[20.687,38.609]]],[[[20.078,39.433],[19.955,39.47],[19.927,39.506],[19.904,39.619],[19.847,39.668],[19.862,39.693],[19.937,39.747],[19.926,39.774],[19.839,39.82],[19.707,39.798],[19.646,39.767],[19.649,39.726],[19.809,39.585],[19.884,39.462],[19.975,39.411],[20.1,39.377],[20.078,39.433]]],[[[23.415,38.959],[23.313,39.035],[23.258,39.031],[23.146,39.003],[22.986,38.916],[22.87,38.871],[22.881,38.848],[22.936,38.84],[23.029,38.873],[23.144,38.845],[23.252,38.801],[23.364,38.735],[23.465,38.656],[23.505,38.613],[23.617,38.553],[23.651,38.443],[23.759,38.401],[23.886,38.401],[24.04,38.39],[24.064,38.337],[24.103,38.317],[24.144,38.243],[24.189,38.204],[24.193,38.152],[24.212,38.118],[24.318,38.06],[24.359,38.019],[24.417,38.017],[24.502,37.97],[24.537,37.98],[24.579,38.02],[24.588,38.124],[24.563,38.148],[24.464,38.145],[24.36,38.163],[24.276,38.22],[24.22,38.339],[24.188,38.463],[24.211,38.504],[24.2,38.541],[24.155,38.588],[24.128,38.648],[24.099,38.671],[23.878,38.687],[23.688,38.765],[23.636,38.77],[23.525,38.813],[23.472,38.85],[23.415,38.959]]],[[[24.675,38.809],[24.581,38.879],[24.564,38.942],[24.486,38.98],[24.461,38.889],[24.566,38.832],[24.569,38.785],[24.675,38.809]]],[[[24.774,40.615],[24.769,40.659],[24.786,40.704],[24.719,40.786],[24.623,40.793],[24.586,40.769],[24.517,40.687],[24.516,40.647],[24.646,40.579],[24.774,40.615]]],[[[23.054,36.19],[23.097,36.247],[22.998,36.328],[22.95,36.384],[22.906,36.32],[22.911,36.221],[22.939,36.176],[23.042,36.146],[23.054,36.19]]],[[[27.176,35.465],[27.234,35.479],[27.209,35.559],[27.157,35.629],[27.207,35.714],[27.223,35.82],[27.158,35.789],[27.156,35.726],[27.071,35.598],[27.116,35.511],[27.099,35.456],[27.138,35.409],[27.176,35.465]]],[[[26.95,36.727],[27.034,36.771],[27.151,36.778],[27.193,36.809],[27.352,36.869],[27.266,36.905],[27.215,36.899],[27.061,36.84],[26.956,36.774],[26.95,36.727]]],[[[25.546,36.968],[25.584,37.039],[25.588,37.153],[25.564,37.185],[25.525,37.196],[25.362,37.07],[25.396,36.984],[25.457,36.93],[25.546,36.968]]],[[[25.279,37.068],[25.275,37.138],[25.235,37.149],[25.146,37.107],[25.105,37.035],[25.133,37],[25.199,36.991],[25.279,37.068]]],[[[26.824,37.811],[26.743,37.81],[26.639,37.781],[26.581,37.724],[26.613,37.71],[26.721,37.705],[26.788,37.657],[26.845,37.645],[26.978,37.7],[27.055,37.709],[27.04,37.77],[26.947,37.778],[26.824,37.811]]],[[[26.029,37.529],[26.205,37.569],[26.297,37.62],[26.326,37.673],[26.212,37.638],[26.086,37.635],[25.997,37.566],[26.029,37.529]]],[[[25.859,36.79],[25.985,36.88],[26.064,36.903],[26.001,36.937],[25.942,36.887],[25.852,36.848],[25.771,36.782],[25.859,36.79]]],[[[24.356,37.577],[24.401,37.649],[24.379,37.683],[24.32,37.678],[24.277,37.601],[24.289,37.528],[24.356,37.577]]],[[[24.536,36.764],[24.46,36.747],[24.425,36.713],[24.357,36.744],[24.326,36.656],[24.531,36.684],[24.536,36.764]]],[[[24.992,37.76],[24.948,37.858],[24.956,37.905],[24.855,37.914],[24.79,37.99],[24.7,37.962],[24.714,37.899],[24.767,37.871],[24.799,37.824],[24.884,37.771],[24.962,37.692],[24.992,37.76]]],[[[25.256,37.6],[25.225,37.631],[25.092,37.648],[25.039,37.681],[24.996,37.677],[25.052,37.614],[25.156,37.545],[25.219,37.535],[25.256,37.6]]],[[[26.094,38.218],[26.111,38.28],[26.157,38.303],[26.15,38.468],[26.16,38.541],[26.11,38.545],[26.013,38.602],[25.846,38.574],[25.851,38.508],[25.96,38.416],[25.991,38.354],[25.953,38.303],[25.874,38.27],[25.892,38.243],[25.999,38.162],[26.094,38.218]]],[[[26.41,39.329],[26.348,39.383],[26.165,39.374],[26.165,39.332],[26.026,39.285],[25.91,39.288],[25.844,39.2],[25.906,39.139],[26.072,39.096],[26.176,39.194],[26.273,39.198],[26.245,39.164],[26.108,39.081],[26.161,39.026],[26.39,38.974],[26.469,38.973],[26.547,38.994],[26.503,39.031],[26.532,39.064],[26.596,39.049],[26.578,39.11],[26.531,39.172],[26.393,39.27],[26.41,39.329]]],[[[25.686,40.427],[25.664,40.464],[25.569,40.516],[25.448,40.483],[25.573,40.4],[25.686,40.427]]],[[[25.438,39.983],[25.449,40.035],[25.374,40.016],[25.348,39.985],[25.286,39.956],[25.234,40.005],[25.058,40],[25.062,39.852],[25.126,39.826],[25.185,39.83],[25.224,39.893],[25.249,39.894],[25.263,39.823],[25.299,39.806],[25.357,39.808],[25.372,39.891],[25.4,39.95],[25.438,39.983]]],[[[25.403,37.419],[25.457,37.447],[25.463,37.471],[25.348,37.509],[25.313,37.489],[25.307,37.413],[25.403,37.419]]],[[[27.843,35.929],[27.966,36.048],[28.088,36.065],[28.068,36.13],[28.144,36.21],[28.23,36.37],[28.232,36.434],[28.171,36.426],[27.914,36.345],[27.815,36.277],[27.774,36.214],[27.716,36.172],[27.719,36.141],[27.757,36.069],[27.716,35.957],[27.746,35.911],[27.843,35.929]]],[[[23.852,35.535],[23.793,35.556],[23.771,35.634],[23.737,35.656],[23.715,35.605],[23.715,35.55],[23.673,35.514],[23.627,35.53],[23.609,35.566],[23.57,35.535],[23.548,35.416],[23.562,35.295],[23.593,35.257],[23.638,35.235],[23.704,35.233],[23.884,35.246],[23.994,35.222],[24.464,35.16],[24.583,35.115],[24.709,35.089],[24.735,35.058],[24.745,34.951],[24.8,34.934],[25.206,34.959],[25.611,35.007],[25.83,35.025],[26.047,35.014],[26.166,35.019],[26.244,35.045],[26.281,35.159],[26.299,35.269],[26.286,35.31],[26.168,35.215],[26.028,35.215],[25.893,35.179],[25.837,35.133],[25.791,35.123],[25.745,35.143],[25.735,35.184],[25.756,35.326],[25.73,35.349],[25.57,35.328],[25.476,35.306],[25.297,35.339],[25.104,35.347],[25.003,35.41],[24.721,35.425],[24.627,35.41],[24.535,35.381],[24.445,35.366],[24.313,35.364],[24.275,35.386],[24.255,35.469],[24.179,35.46],[24.123,35.484],[24.124,35.511],[24.198,35.537],[24.166,35.595],[24.093,35.594],[24.034,35.535],[23.921,35.528],[23.852,35.535]]]]},"properties":{"iso3":"GRC","name":"Greece"}},
{"type":"Feature","geometry":{"type":"MultiPolygon","coordinates":[[[[-21.89,75],[-30,75],[-30,68.287],[-29.869,68.312],[-29.714,68.311],[-29.426,68.289],[-29.25,68.299],[-29.088,68.332],[-28.854,68.36],[-28.365,68.447],[-28.126,68.479],[-27.851,68.494],[-27.266,68.584],[-27.081,68.602],[-26.815,68.654],[-26.654,68.673],[-26.483,68.676],[-26.341,68.702],[-26.139,68.781],[-25.956,68.817],[-25.698,68.89],[-25.626,68.928],[-25.581,69.021],[-25.544,69.046],[-25.272,69.092],[-25.092,69.165],[-25.08,69.192],[-25.189,69.261],[-25.133,69.272],[-24.867,69.293],[-24.741,69.318],[-24.451,69.407],[-24.296,69.439],[-24.221,69.479],[-24.248,69.59],[-23.944,69.558],[-23.739,69.589],[-23.709,69.627],[-23.817,69.718],[-23.812,69.744],[-23.553,69.741],[-23.237,69.791],[-23.05,69.793],[-23.015,69.805],[-23.088,69.883],[-23.034,69.901],[-22.821,69.923],[-22.435,69.986],[-22.287,70.033],[-22.207,70.108],[-22.284,70.126],[-23.173,70.115],[-23.667,70.139],[-24.041,70.181],[-24.749,70.295],[-25.53,70.353],[-25.625,70.347],[-26.156,70.246],[-26.416,70.221],[-26.752,70.242],[-27.028,70.201],[-27.144,70.141],[-27.274,70.038],[-27.384,69.992],[-27.629,70.028],[-27.561,70.124],[-27.328,70.217],[-27.073,70.281],[-26.771,70.319],[-26.577,70.357],[-26.508,70.397],[-26.622,70.463],[-26.747,70.476],[-27.596,70.407],[-28.015,70.402],[-28.541,70.477],[-28.633,70.478],[-28.953,70.447],[-29.037,70.462],[-28.53,70.548],[-28.417,70.574],[-28.146,70.656],[-28.07,70.699],[-27.979,70.84],[-27.992,70.895],[-28.116,70.925],[-28.292,70.949],[-28.398,70.993],[-28.303,71.007],[-27.889,71.002],[-27.689,70.993],[-27.336,70.953],[-27.067,70.945],[-26.718,70.95],[-26.576,70.969],[-26.158,71.05],[-25.742,71.184],[-25.668,71.265],[-25.699,71.368],[-25.758,71.44],[-25.843,71.48],[-26.074,71.498],[-26.452,71.494],[-26.737,71.501],[-27.107,71.533],[-27.162,71.602],[-27.011,71.631],[-26.689,71.583],[-26.211,71.59],[-25.885,71.572],[-25.656,71.53],[-25.446,71.471],[-25.255,71.396],[-25.033,71.334],[-24.781,71.286],[-24.562,71.224],[-24.377,71.146],[-24.266,71.046],[-24.229,70.923],[-24.13,70.791],[-23.971,70.649],[-23.792,70.555],[-23.328,70.451],[-23.191,70.442],[-22.943,70.451],[-22.691,70.437],[-22.61,70.493],[-22.526,70.808],[-22.437,70.86],[-22.422,70.649],[-22.401,70.612],[-22.384,70.462],[-22.069,70.472],[-21.944,70.443],[-21.626,70.469],[-21.523,70.526],[-21.574,70.59],[-21.625,70.805],[-21.675,70.856],[-21.667,70.916],[-21.69,71.092],[-21.671,71.206],[-21.698,71.337],[-21.752,71.478],[-21.961,71.508],[-22.17,71.453],[-22.299,71.432],[-22.418,71.249],[-22.48,71.383],[-22.503,71.5],[-22.465,71.525],[-22.311,71.565],[-22.013,71.689],[-21.96,71.745],[-22.265,71.754],[-22.37,71.77],[-22.497,71.914],[-22.869,71.971],[-22.956,71.999],[-23.291,72.081],[-23.587,72.14],[-23.798,72.201],[-24.242,72.311],[-24.417,72.348],[-24.572,72.42],[-24.667,72.437],[-24.844,72.39],[-25.118,72.347],[-25.204,72.393],[-25.128,72.419],[-24.837,72.473],[-24.701,72.506],[-24.65,72.583],[-24.771,72.869],[-24.813,72.902],[-24.985,72.889],[-25.237,72.843],[-25.357,72.81],[-25.688,72.797],[-26.1,72.722],[-26.209,72.694],[-26.392,72.673],[-26.477,72.678],[-26.658,72.716],[-26.206,72.796],[-26.08,72.794],[-25.861,72.847],[-25.256,72.924],[-25.171,72.98],[-24.789,73.044],[-24.63,73.038],[-24.547,72.922],[-24.359,72.687],[-24.069,72.499],[-23.856,72.452],[-23.674,72.393],[-23.208,72.327],[-22.707,72.224],[-22.498,72.158],[-22.293,72.12],[-22.239,72.22],[-22.28,72.345],[-22.075,72.399],[-22.007,72.635],[-22.023,72.721],[-22.036,72.918],[-22.194,72.965],[-22.45,72.986],[-22.852,73.084],[-22.996,73.172],[-23.244,73.193],[-23.456,73.259],[-23.71,73.317],[-23.899,73.398],[-24.587,73.423],[-25.057,73.396],[-25.268,73.362],[-25.399,73.276],[-26.029,73.199],[-26.202,73.193],[-26.433,73.171],[-26.753,73.121],[-27.07,73.137],[-27.19,73.132],[-27.348,73.068],[-27.483,73.089],[-27.562,73.138],[-27.472,73.16],[-27.265,73.176],[-27.062,73.179],[-26.863,73.167],[-26.729,73.171],[-26.542,73.249],[-26.604,73.279],[-27.169,73.374],[-27.27,73.436],[-26.977,73.38],[-26.765,73.348],[-26.407,73.313],[-26.169,73.259],[-26.062,73.253],[-25.74,73.278],[-25.665,73.293],[-25.45,73.391],[-25.311,73.431],[-25.026,73.486],[-24.791,73.511],[-24.778,73.54],[-24.909,73.58],[-25.281,73.74],[-25.427,73.794],[-25.351,73.814],[-25.109,73.734],[-24.905,73.653],[-24.677,73.602],[-24.451,73.629],[-24.34,73.672],[-24.158,73.764],[-23.761,73.543],[-23.233,73.398],[-22.987,73.346],[-22.347,73.269],[-22.185,73.27],[-21.873,73.358],[-21.548,73.432],[-21.326,73.457],[-20.637,73.464],[-20.51,73.493],[-20.449,73.653],[-20.338,73.82],[-20.367,73.848],[-21.022,73.941],[-21.298,73.962],[-21.988,73.971],[-22.135,73.99],[-22.335,74.063],[-22.291,74.125],[-22.22,74.166],[-22.217,74.246],[-22.322,74.303],[-22.177,74.33],[-21.973,74.39],[-21.92,74.439],[-21.943,74.566],[-21.762,74.483],[-21.832,74.357],[-21.955,74.244],[-21.581,74.163],[-21.129,74.111],[-20.653,74.137],[-20.231,74.205],[-20.256,74.283],[-20.048,74.282],[-19.646,74.258],[-19.369,74.284],[-19.272,74.343],[-19.225,74.479],[-19.287,74.546],[-19.427,74.601],[-19.538,74.625],[-19.8,74.852],[-19.985,74.975],[-20.114,75],[-20.303,75],[-20.417,74.975],[-20.611,74.728],[-20.862,74.636],[-21.038,74.654],[-20.89,74.735],[-20.795,74.806],[-20.786,74.892],[-20.869,75],[-21.446,75],[-21.598,74.972],[-21.784,74.971],[-21.89,75]]],[[[-25.432,70.921],[-25.458,70.943],[-25.612,70.976],[-25.727,71.042],[-25.819,71.044],[-26.337,70.919],[-26.622,70.876],[-26.976,70.863],[-27.387,70.876],[-27.617,70.914],[-27.709,70.897],[-27.744,70.79],[-27.714,70.713],[-27.805,70.642],[-27.94,70.615],[-28.037,70.514],[-28.003,70.467],[-27.898,70.454],[-27.69,70.479],[-27.105,70.531],[-26.605,70.553],[-26.339,70.511],[-26.274,70.454],[-26.218,70.454],[-26.05,70.509],[-25.911,70.573],[-25.801,70.599],[-25.402,70.653],[-25.346,70.693],[-25.38,70.741],[-25.468,70.78],[-25.401,70.811],[-25.397,70.862],[-25.432,70.921]]]]},"properties":{"iso3":"GRL","name":"Greenland"}},
{"type":"Feature","geometry":{"type":"MultiPolygon","coordinates":[[[[13.578,45.517],[13.517,45.482],[13.603,45.231],[13.629,45.108],[13.742,44.992],[13.861,44.837],[13.966,44.836],[14.042,44.927],[14.091,44.998],[14.236,45.16],[14.269,45.283],[14.313,45.338],[14.386,45.342],[14.55,45.298],[14.632,45.223],[14.855,45.081],[14.907,44.971],[14.885,44.818],[14.895,44.707],[14.981,44.603],[15.27,44.383],[15.381,44.328],[15.471,44.272],[15.37,44.289],[15.284,44.289],[15.231,44.271],[15.123,44.257],[15.186,44.172],[15.499,43.909],[15.656,43.811],[15.821,43.736],[15.942,43.657],[15.943,43.569],[15.986,43.52],[16.046,43.506],[16.131,43.506],[16.269,43.531],[16.394,43.543],[16.6,43.464],[16.903,43.392],[17.129,43.211],[17.33,43.115],[17.537,42.962],[17.585,42.938],[17.658,42.98],[17.625,43.043],[17.402,43.199],[17.293,43.306],[17.275,43.344],[17.274,43.446],[17.248,43.47],[17.085,43.517],[16.902,43.649],[16.713,43.779],[16.688,43.815],[16.591,43.913],[16.472,44.003],[16.378,44.06],[16.3,44.125],[16.214,44.215],[16.13,44.474],[16.103,44.521],[16.049,44.538],[15.88,44.682],[15.737,44.766],[15.738,44.856],[15.788,45.179],[15.823,45.203],[15.888,45.216],[15.963,45.211],[16.028,45.19],[16.157,45.072],[16.231,45.027],[16.293,45.009],[16.365,45.058],[16.454,45.162],[16.531,45.217],[16.791,45.197],[16.919,45.277],[17.125,45.172],[17.211,45.156],[17.259,45.171],[17.324,45.164],[17.546,45.123],[17.654,45.163],[17.69,45.158],[17.813,45.078],[17.874,45.077],[17.996,45.142],[18.137,45.119],[18.285,45.134],[18.488,45.086],[18.663,45.077],[18.746,45.027],[18.779,44.977],[18.788,44.915],[18.836,44.883],[18.941,44.865],[19.007,44.869],[19.01,44.919],[19.085,44.927],[19.1,44.974],[19.063,45.137],[19.13,45.152],[19.137,45.196],[19.206,45.168],[19.388,45.173],[19.4,45.213],[19.33,45.268],[19.273,45.278],[19.093,45.337],[19.005,45.4],[19.008,45.466],[19.055,45.527],[18.954,45.558],[18.918,45.601],[18.947,45.656],[18.895,45.767],[18.839,45.836],[18.894,45.866],[18.905,45.932],[18.833,45.911],[18.722,45.899],[18.666,45.907],[18.565,45.813],[18.437,45.767],[18.358,45.753],[18.291,45.764],[17.964,45.77],[17.807,45.79],[17.706,45.827],[17.64,45.868],[17.607,45.914],[17.529,45.941],[17.406,45.951],[17.311,45.996],[17.242,46.077],[17.15,46.14],[17.033,46.187],[16.94,46.254],[16.871,46.339],[16.748,46.416],[16.57,46.485],[16.516,46.5],[16.428,46.524],[16.321,46.535],[16.237,46.484],[16.253,46.389],[16.227,46.373],[16.106,46.382],[16.067,46.371],[16.001,46.305],[15.933,46.278],[15.784,46.234],[15.636,46.201],[15.593,46.14],[15.597,46.109],[15.666,46.048],[15.676,45.984],[15.668,45.904],[15.625,45.834],[15.454,45.798],[15.277,45.733],[15.273,45.718],[15.354,45.66],[15.29,45.613],[15.291,45.542],[15.339,45.467],[15.242,45.441],[15.11,45.451],[14.955,45.5],[14.9,45.493],[14.847,45.467],[14.793,45.478],[14.734,45.508],[14.609,45.61],[14.592,45.651],[14.534,45.645],[14.505,45.595],[14.427,45.506],[14.37,45.481],[14.161,45.485],[14.086,45.478],[13.993,45.509],[13.936,45.45],[13.879,45.428],[13.615,45.477],[13.578,45.517]]],[[[18.436,42.56],[18.304,42.599],[18.124,42.691],[18.045,42.741],[17.841,42.845],[17.802,42.902],[17.74,42.915],[17.668,42.897],[17.724,42.851],[17.22,43.026],[17.126,43.026],[17.045,43.015],[17.258,42.968],[17.585,42.837],[17.824,42.797],[18.161,42.634],[18.333,42.528],[18.517,42.433],[18.438,42.523],[18.436,42.56]]],[[[16.651,42.997],[16.666,42.96],[16.739,42.913],[16.851,42.896],[16.978,42.928],[17.089,42.915],[17.17,42.933],[17.094,42.964],[16.971,42.981],[16.836,42.969],[16.651,42.997]]],[[[17.194,43.126],[17.061,43.144],[16.697,43.175],[16.656,43.214],[16.521,43.229],[16.376,43.214],[16.55,43.144],[16.679,43.123],[17.124,43.115],[17.194,43.126]]],[[[16.785,43.271],[16.874,43.298],[16.891,43.315],[16.834,43.351],[16.602,43.382],[16.449,43.387],[16.423,43.317],[16.49,43.286],[16.627,43.268],[16.785,43.271]]],[[[14.81,44.977],[14.739,45.065],[14.701,45.09],[14.63,45.178],[14.571,45.225],[14.525,45.147],[14.438,45.099],[14.512,45.035],[14.613,45.025],[14.628,44.994],[14.687,44.956],[14.81,44.977]]],[[[15.188,44.336],[15.24,44.35],[15.113,44.436],[15.006,44.534],[14.898,44.611],[14.855,44.618],[14.76,44.665],[14.885,44.545],[14.913,44.486],[14.996,44.434],[15.039,44.393],[15.163,44.309],[15.188,44.336]]],[[[15.189,43.922],[14.953,44.117],[14.891,44.126],[15.136,43.907],[15.189,43.922]]],[[[14.488,44.66],[14.468,44.725],[14.453,44.869],[14.467,44.97],[14.394,45.031],[14.369,45.081],[14.358,45.167],[14.286,45.145],[14.34,45.02],[14.342,44.98],[14.303,44.94],[14.312,44.9],[14.389,44.758],[14.42,44.67],[14.488,44.66]]]]},"properties":{"iso3":"HRV","name":"Croatia"}},
{"type":"Feature","geometry":{"type":"Polygon","coordinates":[[[22.132,48.405],[22.111,48.393],[21.767,48.338],[21.721,48.347],[21.633,48.419],[21.563,48.496],[21.451,48.552],[21.382,48.553],[21.196,48.511],[21.067,48.506],[20.867,48.546],[20.643,48.55],[20.49,48.527],[20.475,48.495],[20.334,48.296],[20.129,48.222],[19.95,48.147],[19.899,48.131],[19.81,48.155],[19.709,48.2],[19.625,48.223],[19.564,48.213],[19.497,48.162],[19.467,48.111],[19.265,48.073],[18.914,48.051],[18.792,48],[18.75,47.939],[18.748,47.893],[18.778,47.853],[18.724,47.787],[18.146,47.763],[17.762,47.77],[17.635,47.81],[17.481,47.888],[17.317,47.991],[17.277,48.004],[17.147,48.006],[17.089,47.964],[17.078,47.901],[17.04,47.873],[17.03,47.837],[17.067,47.708],[16.973,47.695],[16.823,47.694],[16.748,47.686],[16.647,47.739],[16.551,47.747],[16.47,47.695],[16.432,47.656],[16.64,47.609],[16.677,47.536],[16.623,47.448],[16.515,47.405],[16.443,47.4],[16.434,47.367],[16.463,47.273],[16.417,47.223],[16.438,47.146],[16.493,47.123],[16.453,47.007],[16.424,46.997],[16.332,47.002],[16.253,46.972],[16.093,46.863],[16.284,46.857],[16.308,46.828],[16.335,46.722],[16.385,46.681],[16.381,46.639],[16.506,46.522],[16.516,46.5],[16.57,46.485],[16.748,46.416],[16.871,46.339],[16.94,46.254],[17.033,46.187],[17.15,46.14],[17.242,46.077],[17.311,45.996],[17.406,45.951],[17.529,45.941],[17.607,45.914],[17.64,45.868],[17.706,45.827],[17.807,45.79],[17.964,45.77],[18.291,45.764],[18.358,45.753],[18.437,45.767],[18.565,45.813],[18.666,45.907],[18.722,45.899],[18.833,45.911],[18.905,45.932],[19.016,45.96],[19.087,46.016],[19.146,45.987],[19.208,45.984],[19.278,46.003],[19.393,46.05],[19.458,46.087],[19.531,46.155],[19.613,46.169],[19.725,46.152],[19.844,46.146],[19.934,46.161],[20.161,46.142],[20.242,46.109],[20.281,46.133],[20.508,46.167],[20.614,46.133],[20.661,46.146],[20.733,46.194],[20.76,46.246],[20.837,46.26],[21.04,46.242],[21.152,46.304],[21.192,46.392],[21.265,46.412],[21.252,46.486],[21.32,46.608],[21.411,46.648],[21.497,46.704],[21.477,46.753],[21.494,46.79],[21.584,46.878],[21.653,46.964],[21.661,47.044],[21.785,47.138],[21.869,47.305],[21.995,47.396],[22,47.505],[22.038,47.537],[22.112,47.572],[22.185,47.629],[22.245,47.696],[22.291,47.728],[22.351,47.736],[22.417,47.763],[22.491,47.773],[22.563,47.76],[22.608,47.766],[22.677,47.799],[22.852,47.923],[22.877,47.947],[22.846,47.997],[22.836,48.06],[22.769,48.11],[22.676,48.104],[22.582,48.134],[22.52,48.205],[22.424,48.243],[22.35,48.256],[22.317,48.287],[22.269,48.361],[22.254,48.407],[22.132,48.405]]]},"properties":{"iso3":"HUN","name":"Hungary"}},
{"type":"Feature","geometry":{"type":"Polygon","coordinates":[[[-4.412,54.185],[-4.392,54.225],[-4.338,54.269],[-4.377,54.393],[-4.425,54.407],[-4.509,54.377],[-4.615,54.267],[-4.699,54.225],[-4.746,54.119],[-4.785,54.073],[-4.696,54.081],[-4.614,54.059],[-4.412,54.185]]]},"properties":{"iso3":"IMN","name":"Isle of Man"}},
{"type":"Feature","geometry":{"type":"MultiPolygon","coordinates":[[[[-9.948,53.913],[-9.956,53.987],[-9.996,54.004],[-10.14,54.005],[-10.181,54.017],[-10.266,53.978],[-10.062,53.96],[-10.027,53.921],[-9.948,53.913]]],[[[-7.219,55.092],[-7.173,55.137],[-7.056,55.178],[-6.962,55.238],[-7.155,55.305],[-7.247,55.353],[-7.366,55.36],[-7.302,55.299],[-7.458,55.282],[-7.518,55.248],[-7.531,55.194],[-7.502,55.145],[-7.478,55.047],[-7.584,54.994],[-7.634,55.055],[-7.557,55.122],[-7.57,55.171],[-7.613,55.2],[-7.63,55.244],[-7.667,55.256],[-7.763,55.248],[-7.751,55.186],[-7.803,55.2],[-8.006,55.195],[-8.138,55.16],[-8.275,55.146],[-8.326,55.056],[-8.393,55.02],[-8.412,54.965],[-8.377,54.889],[-8.471,54.832],[-8.528,54.809],[-8.538,54.783],[-8.65,54.761],[-8.715,54.732],[-8.764,54.681],[-8.457,54.609],[-8.133,54.641],[-8.193,54.58],[-8.23,54.507],[-8.287,54.485],[-8.415,54.461],[-8.554,54.404],[-8.623,54.347],[-8.568,54.304],[-8.546,54.241],[-8.588,54.231],[-8.747,54.263],[-9.002,54.288],[-9.034,54.282],[-9.102,54.226],[-9.146,54.21],[-9.316,54.299],[-9.562,54.309],[-9.717,54.3],[-9.825,54.269],[-9.996,54.276],[-10.056,54.258],[-10.09,54.216],[-10.093,54.156],[-9.977,54.187],[-9.944,54.142],[-9.934,54.075],[-9.856,54.095],[-9.856,54.004],[-9.896,53.938],[-9.914,53.864],[-9.748,53.891],[-9.579,53.88],[-9.578,53.805],[-9.745,53.781],[-9.902,53.727],[-9.91,53.658],[-9.856,53.633],[-9.721,53.604],[-9.878,53.59],[-10.001,53.561],[-10.062,53.568],[-10.117,53.549],[-10.106,53.509],[-10.054,53.478],[-10.094,53.446],[-10.091,53.413],[-10.004,53.397],[-9.899,53.407],[-9.795,53.395],[-9.876,53.343],[-9.825,53.32],[-9.701,53.334],[-9.602,53.323],[-9.582,53.272],[-9.514,53.238],[-9.471,53.235],[-9.14,53.25],[-9.034,53.236],[-8.93,53.207],[-8.997,53.162],[-9.138,53.129],[-9.242,53.125],[-9.299,53.098],[-9.462,52.947],[-9.394,52.896],[-9.515,52.781],[-9.74,52.648],[-9.917,52.57],[-9.764,52.58],[-9.62,52.623],[-9.561,52.654],[-9.394,52.617],[-9.175,52.635],[-9.098,52.668],[-8.99,52.755],[-8.923,52.712],[-8.783,52.68],[-9.056,52.621],[-9.331,52.579],[-9.586,52.559],[-9.632,52.547],[-9.761,52.466],[-9.838,52.443],[-9.906,52.404],[-9.853,52.375],[-9.841,52.291],[-9.772,52.25],[-9.937,52.238],[-10.062,52.276],[-10.132,52.282],[-10.211,52.272],[-10.357,52.207],[-10.39,52.135],[-10.25,52.126],[-9.956,52.137],[-9.91,52.123],[-9.946,52.08],[-10.044,52.045],[-10.146,52.02],[-10.232,51.975],[-10.379,51.869],[-10.341,51.799],[-10.242,51.812],[-10.212,51.784],[-10.084,51.771],[-9.599,51.874],[-9.75,51.824],[-9.803,51.78],[-9.926,51.731],[-10.069,51.656],[-10.121,51.601],[-10.01,51.611],[-9.899,51.647],[-9.58,51.689],[-9.542,51.664],[-9.71,51.604],[-9.835,51.483],[-9.737,51.474],[-9.535,51.522],[-9.463,51.529],[-9.296,51.498],[-8.813,51.585],[-8.734,51.636],[-8.588,51.651],[-8.478,51.707],[-8.408,51.712],[-8.349,51.739],[-8.336,51.793],[-8.372,51.876],[-8.29,51.891],[-8.145,51.814],[-8.058,51.826],[-7.952,51.866],[-7.872,51.935],[-7.838,51.948],[-7.665,51.98],[-7.59,52.019],[-7.527,52.099],[-7.441,52.123],[-7.216,52.145],[-7.082,52.139],[-7.003,52.166],[-6.966,52.25],[-6.915,52.169],[-6.782,52.21],[-6.697,52.214],[-6.561,52.189],[-6.438,52.203],[-6.325,52.247],[-6.463,52.345],[-6.345,52.402],[-6.217,52.543],[-6.199,52.663],[-6.131,52.807],[-6.027,52.927],[-6.045,53.091],[-6.135,53.301],[-6.152,53.366],[-6.129,53.391],[-6.142,53.578],[-6.195,53.641],[-6.27,53.84],[-6.322,53.882],[-6.348,53.941],[-6.345,53.987],[-6.308,54.011],[-6.231,54.004],[-6.157,54.017],[-6.218,54.089],[-6.304,54.095],[-6.403,54.061],[-6.65,54.059],[-6.664,54.085],[-6.647,54.163],[-6.67,54.185],[-6.767,54.196],[-6.858,54.269],[-6.877,54.329],[-6.936,54.374],[-7.008,54.407],[-7.05,54.408],[-7.203,54.302],[-7.155,54.24],[-7.307,54.156],[-7.355,54.121],[-7.409,54.137],[-7.544,54.134],[-7.607,54.144],[-7.679,54.187],[-7.855,54.215],[-7.884,54.284],[-7.918,54.297],[-8.118,54.414],[-8.145,54.454],[-8.044,54.512],[-7.794,54.571],[-7.746,54.616],[-7.886,54.666],[-7.911,54.698],[-7.873,54.718],[-7.737,54.71],[-7.55,54.768],[-7.451,54.877],[-7.401,55.003],[-7.377,55.028],[-7.219,55.092]]]]},"properties":{"iso3":"IRL","name":"Ireland"}},
{"type":"Feature","geometry":{"type":"Polygon","coordinates":[[[53.914,37.344],[53.952,37.182],[54.017,36.952],[54.016,36.85],[53.97,36.818],[53.906,36.813],[53.769,36.818],[53.679,36.853],[53.827,36.881],[53.915,36.93],[53.768,36.93],[53.374,36.869],[52.19,36.622],[51.762,36.615],[51.119,36.743],[50.927,36.81],[50.533,37.014],[50.338,37.149],[50.214,37.34],[50.176,37.381],[50.13,37.407],[49.981,37.445],[49.727,37.481],[49.47,37.497],[49.372,37.52],[49.171,37.601],[49.081,37.668],[49.015,37.776],[48.96,37.89],[48.925,38.015],[48.901,38.144],[48.871,38.393],[48.869,38.435],[48.84,38.437],[48.636,38.399],[48.593,38.411],[48.417,38.586],[48.381,38.606],[48.306,38.613],[48.261,38.642],[48.205,38.724],[48.023,38.819],[47.993,38.884],[48.05,38.935],[48.242,38.979],[48.292,39.019],[48.274,39.099],[48.125,39.172],[48.104,39.241],[48.136,39.312],[48.257,39.355],[48.322,39.399],[48.282,39.448],[48.151,39.561],[47.996,39.684],[47.892,39.685],[47.773,39.649],[47.582,39.543],[47.476,39.498],[47.188,39.341],[47.065,39.253],[46.989,39.18],[46.853,39.148],[46.783,39.087],[46.555,38.904],[46.491,38.907],[46.318,38.913],[46.17,38.869],[46.114,38.878],[45.922,38.908],[45.575,38.973],[45.48,39.006],[45.389,39.096],[45.256,39.195],[45.191,39.216],[45.141,39.254],[45.113,39.312],[45.072,39.363],[45,39.424],[44.838,39.629],[44.817,39.65],[44.782,39.651],[44.587,39.769],[44.517,39.731],[44.456,39.667],[44.389,39.422],[44.335,39.396],[44.124,39.405],[44.044,39.393],[44.023,39.377],[44.058,39.311],[44.079,39.218],[44.178,39.145],[44.172,39.056],[44.145,38.994],[44.171,38.934],[44.232,38.863],[44.272,38.836],[44.257,38.701],[44.28,38.641],[44.298,38.558],[44.291,38.42],[44.32,38.375],[44.431,38.357],[44.45,38.318],[44.381,38.255],[44.373,38.21],[44.329,38.109],[44.268,38.039],[44.229,37.967],[44.211,37.908],[44.223,37.88],[44.336,37.872],[44.398,37.829],[44.561,37.745],[44.59,37.71],[44.545,37.658],[44.577,37.56],[44.574,37.435],[44.715,37.357],[44.794,37.29],[44.797,37.27],[44.758,37.217],[44.765,37.142],[44.798,37.064],[44.881,36.799],[44.981,36.738],[45.019,36.698],[45.034,36.659],[45.031,36.526],[45.053,36.472],[45.112,36.409],[45.207,36.397],[45.241,36.356],[45.351,36.055],[45.362,36.015],[45.408,36.003],[45.484,36.009],[45.562,35.977],[45.645,35.928],[45.723,35.837],[45.776,35.822],[45.941,35.835],[46.167,35.821],[46.273,35.773],[46.263,35.744],[46.181,35.711],[46.037,35.673],[45.995,35.608],[45.971,35.524],[45.975,35.477],[46.011,35.425],[46.112,35.322],[46.118,35.284],[46.155,35.197],[46.134,35.128],[46.042,35.08],[45.921,35.029],[45.678,34.798],[45.66,34.749],[45.662,34.613],[45.638,34.574],[45.501,34.582],[45.498,34.534],[45.438,34.415],[45.527,34.285],[45.543,34.216],[45.529,34.153],[45.397,33.971],[45.473,33.925],[45.674,33.687],[45.738,33.603],[45.823,33.625],[45.879,33.61],[45.895,33.546],[45.873,33.492],[45.981,33.47],[46.146,33.23],[46.141,33.174],[46.081,33.087],[46.093,32.976],[46.113,32.958],[46.298,32.95],[46.377,32.929],[46.57,32.834],[47.121,32.467],[47.285,32.474],[47.371,32.424],[47.418,32.34],[47.512,32.151],[47.592,32.088],[47.83,31.794],[47.754,31.601],[47.679,31.401],[47.679,31.002],[48.011,30.99],[48.015,30.466],[48.066,30.458],[48.148,30.417],[48.182,30.355],[48.226,30.321],[48.279,30.316],[48.331,30.285],[48.383,30.23],[48.401,30.188],[48.388,30.16],[48.399,30.11],[48.435,30.038],[48.546,29.962],[48.596,29.975],[48.671,30.028],[48.832,30.035],[48.87,30.062],[48.919,30.121],[48.909,30.241],[48.891,30.328],[48.917,30.397],[49.037,30.45],[49.002,30.507],[49.13,30.509],[49.225,30.472],[49.247,30.413],[49.19,30.375],[49.096,30.407],[49.002,30.374],[49.054,30.307],[49.43,30.13],[49.555,30.029],[49.983,30.209],[50.072,30.199],[50.129,30.048],[50.169,29.921],[50.23,29.873],[50.387,29.679],[50.544,29.548],[50.65,29.42],[50.668,29.34],[50.646,29.212],[50.675,29.147],[50.796,29.117],[50.876,29.063],[50.876,29.004],[50.843,28.928],[50.867,28.87],[51.021,28.782],[51.062,28.726],[51.094,28.512],[51.128,28.435],[51.276,28.219],[51.279,28.131],[51.519,27.91],[51.589,27.864],[51.666,27.845],[51.842,27.848],[52.031,27.824],[52.192,27.717],[52.476,27.617],[52.603,27.493],[52.638,27.392],[52.692,27.323],[52.983,27.142],[53.35,27],[55.759,27],[55.941,27.038],[56.118,27.143],[56.284,27.191],[56.356,27.2],[56.728,27.128],[56.813,27.09],[56.905,27],[63.232,27],[63.242,27.078],[63.305,27.125],[63.302,27.151],[63.256,27.208],[63.167,27.252],[62.915,27.218],[62.812,27.229],[62.763,27.25],[62.764,27.357],[62.801,27.445],[62.812,27.497],[62.782,27.801],[62.74,28.002],[62.763,28.202],[62.758,28.244],[62.718,28.253],[62.565,28.235],[62.434,28.364],[62.353,28.415],[62.131,28.479],[62.033,28.491],[61.89,28.547],[61.623,28.792],[61.569,28.871],[61.509,29.006],[61.338,29.265],[61.339,29.332],[61.318,29.373],[60.843,29.859],[61.104,30.128],[61.559,30.599],[61.784,30.832],[61.811,30.913],[61.814,31.073],[61.755,31.285],[61.66,31.382],[61.346,31.422],[60.854,31.483],[60.821,31.495],[60.792,31.661],[60.804,31.734],[60.788,31.877],[60.79,31.987],[60.827,32.168],[60.829,32.249],[60.71,32.6],[60.577,32.995],[60.562,33.059],[60.561,33.138],[60.718,33.324],[60.767,33.364],[60.859,33.456],[60.917,33.505],[60.907,33.539],[60.806,33.559],[60.655,33.56],[60.574,33.588],[60.511,33.639],[60.486,33.712],[60.527,33.842],[60.486,34.095],[60.57,34.22],[60.643,34.307],[60.889,34.319],[60.804,34.418],[60.726,34.518],[60.739,34.545],[60.802,34.555],[60.951,34.654],[60.958,34.71],[61.04,34.799],[61.08,34.856],[61.07,34.922],[61.123,35.051],[61.15,35.094],[61.107,35.209],[61.1,35.272],[61.189,35.312],[61.199,35.362],[61.246,35.474],[61.279,35.514],[61.282,35.553],[61.262,35.62],[61.239,35.659],[61.236,35.706],[61.259,35.762],[61.252,35.868],[61.206,35.944],[61.153,35.977],[61.183,36.053],[61.212,36.099],[61.212,36.191],[61.175,36.29],[61.16,36.433],[61.17,36.572],[61.12,36.643],[60.708,36.643],[60.341,36.638],[60.321,36.654],[60.178,36.829],[60.063,36.963],[59.949,37.042],[59.687,37.138],[59.562,37.179],[59.455,37.253],[59.367,37.334],[59.345,37.445],[59.302,37.511],[59.241,37.521],[58.937,37.65],[58.815,37.683],[58.701,37.656],[58.65,37.652],[58.55,37.688],[58.436,37.639],[58.387,37.635],[58.262,37.666],[58.109,37.783],[57.888,37.861],[57.711,37.905],[57.521,37.928],[57.424,37.948],[57.336,37.99],[57.331,38.089],[57.26,38.18],[57.194,38.216],[57.079,38.21],[56.907,38.213],[56.775,38.25],[56.67,38.257],[56.441,38.249],[56.367,38.223],[56.324,38.191],[56.297,38.095],[56.229,38.073],[56.05,38.078],[55.841,38.095],[55.578,38.1],[55.381,38.051],[55.225,37.981],[55.076,37.902],[54.9,37.778],[54.849,37.723],[54.745,37.502],[54.64,37.445],[54.579,37.44],[54.459,37.408],[54.3,37.354],[54.192,37.332],[53.914,37.344]]]},"properties":{"iso3":"IRN","name":"Iran"}},
{"type":"Feature","geometry":{"type":"Polygon","coordinates":[[[42.359,37.109],[42.35,37.061],[42.084,36.826],[41.789,36.597],[41.417,36.515],[41.354,36.464],[41.296,36.383],[41.262,36.272],[41.252,36.203],[41.246,36.073],[41.353,35.81],[41.359,35.725],[41.354,35.64],[41.303,35.551],[41.248,35.427],[41.216,35.288],[41.2,35.027],[41.199,34.805],[41.195,34.769],[40.987,34.429],[40.935,34.387],[40.689,34.332],[40.122,34.048],[39.564,33.768],[39.268,33.62],[38.774,33.372],[38.915,32.935],[39.058,32.493],[38.982,32.473],[39.041,32.306],[39.14,32.331],[39.247,32.351],[39.293,32.244],[39.145,32.125],[39.704,32.043],[40.028,31.995],[40.369,31.939],[40.479,31.893],[40.808,31.725],[41.272,31.489],[41.585,31.33],[42.074,31.08],[42.56,30.718],[42.858,30.495],[43.103,30.322],[43.441,30.084],[43.774,29.849],[44.1,29.619],[44.361,29.435],[44.691,29.202],[44.717,29.194],[45.05,29.167],[45.499,29.132],[45.95,29.096],[46.356,29.064],[46.531,29.096],[46.694,29.26],[46.769,29.347],[46.906,29.538],[46.976,29.673],[47.044,29.823],[47.114,29.961],[47.148,30.001],[47.223,30.042],[47.331,30.08],[47.515,30.096],[47.673,30.096],[47.754,30.077],[47.979,29.983],[47.983,30.011],[48.073,30.043],[48.142,30.041],[48.355,29.957],[48.454,29.938],[48.546,29.962],[48.435,30.038],[48.399,30.11],[48.388,30.16],[48.401,30.188],[48.383,30.23],[48.331,30.285],[48.279,30.316],[48.226,30.321],[48.182,30.355],[48.148,30.417],[48.066,30.458],[48.015,30.466],[48.011,30.99],[47.679,31.002],[47.679,31.401],[47.754,31.601],[47.83,31.794],[47.592,32.088],[47.512,32.151],[47.418,32.34],[47.371,32.424],[47.285,32.474],[47.121,32.467],[46.57,32.834],[46.377,32.929],[46.298,32.95],[46.113,32.958],[46.093,32.976],[46.081,33.087],[46.141,33.174],[46.146,33.23],[45.981,33.47],[45.873,33.492],[45.895,33.546],[45.879,33.61],[45.823,33.625],[45.738,33.603],[45.674,33.687],[45.473,33.925],[45.397,33.971],[45.529,34.153],[45.543,34.216],[45.527,34.285],[45.438,34.415],[45.498,34.534],[45.501,34.582],[45.638,34.574],[45.662,34.613],[45.66,34.749],[45.678,34.798],[45.921,35.029],[46.042,35.08],[46.134,35.128],[46.155,35.197],[46.118,35.284],[46.112,35.322],[46.011,35.425],[45.975,35.477],[45.971,35.524],[45.995,35.608],[46.037,35.673],[46.181,35.711],[46.263,35.744],[46.273,35.773],[46.167,35.821],[45.941,35.835],[45.776,35.822],[45.723,35.837],[45.645,35.928],[45.562,35.977],[45.484,36.009],[45.408,36.003],[45.362,36.015],[45.351,36.055],[45.241,36.356],[45.207,36.397],[45.112,36.409],[45.053,36.472],[45.031,36.526],[45.034,36.659],[45.019,36.698],[44.981,36.738],[44.881,36.799],[44.798,37.064],[44.765,37.142],[44.731,37.165],[44.606,37.176],[44.402,37.058],[44.282,36.978],[44.246,36.983],[44.202,37.052],[44.208,37.203],[44.192,37.25],[44.114,37.302],[44.013,37.314],[43.94,37.269],[43.836,37.224],[43.676,37.227],[43.516,37.245],[43.307,37.315],[43.263,37.317],[43.185,37.345],[43.092,37.367],[42.937,37.325],[42.869,37.335],[42.775,37.372],[42.741,37.362],[42.635,37.249],[42.456,37.129],[42.359,37.109]]]},"properties":{"iso3":"IRQ","name":"Iraq"}},
{"type":"Feature","geometry":{"type":"Polygon","coordinates":[[[-15.543,66.229],[-15.703,66.286],[-15.714,66.359],[-15.985,66.515],[-16.036,66.526],[-16.249,66.523],[-16.493,66.481],[-16.541,66.447],[-16.428,66.278],[-16.485,66.196],[-16.625,66.172],[-16.748,66.132],[-16.838,66.125],[-16.925,66.143],[-17.062,66.197],[-17.153,66.203],[-17.467,66],[-17.582,65.971],[-17.82,66.114],[-17.907,66.143],[-18.18,66.161],[-18.297,66.157],[-18.315,66.093],[-18.149,65.905],[-18.099,65.83],[-18.118,65.751],[-18.164,65.737],[-18.277,65.885],[-18.455,65.965],[-18.595,66.071],[-18.778,66.169],[-18.846,66.184],[-18.994,66.16],[-19.093,66.122],[-19.195,66.098],[-19.383,66.076],[-19.456,65.985],[-19.434,65.814],[-19.49,65.768],[-19.594,65.779],[-19.875,65.93],[-20.026,66.049],[-20.103,66.08],[-20.208,66.1],[-20.292,66.084],[-20.357,66.033],[-20.374,65.948],[-20.344,65.828],[-20.357,65.719],[-20.455,65.571],[-20.548,65.579],[-20.649,65.654],[-20.74,65.658],[-20.804,65.636],[-20.94,65.565],[-20.998,65.445],[-21.047,65.428],[-21.106,65.3],[-21.163,65.304],[-21.23,65.421],[-21.313,65.459],[-21.432,65.474],[-21.374,65.536],[-21.365,65.578],[-21.466,65.635],[-21.61,65.681],[-21.658,65.724],[-21.457,65.698],[-21.375,65.742],[-21.303,65.876],[-21.388,65.939],[-21.497,65.955],[-21.407,66.026],[-21.625,66.09],[-21.84,66.2],[-21.967,66.257],[-22.17,66.307],[-22.426,66.43],[-22.559,66.445],[-22.724,66.433],[-22.889,66.441],[-22.944,66.429],[-23.12,66.357],[-23.117,66.339],[-22.972,66.324],[-22.821,66.325],[-22.686,66.338],[-22.646,66.302],[-22.532,66.288],[-22.509,66.258],[-22.756,66.259],[-22.862,66.251],[-22.948,66.213],[-22.806,66.153],[-22.445,66.07],[-22.424,65.998],[-22.442,65.908],[-22.552,65.905],[-22.604,65.944],[-22.622,66],[-22.723,66.039],[-22.815,65.983],[-22.926,65.995],[-23.019,65.982],[-23.029,66.064],[-23.063,66.086],[-23.3,66.167],[-23.453,66.181],[-23.528,66.164],[-23.594,66.093],[-23.485,66.052],[-23.489,66.026],[-23.737,66.069],[-23.767,65.997],[-23.525,65.88],[-23.741,65.885],[-23.833,65.849],[-23.705,65.781],[-23.569,65.764],[-23.316,65.762],[-23.472,65.695],[-23.616,65.68],[-23.909,65.766],[-24.032,65.782],[-24.112,65.76],[-24.018,65.691],[-24.01,65.616],[-23.857,65.538],[-23.979,65.555],[-24.156,65.608],[-24.249,65.615],[-24.341,65.601],[-24.476,65.525],[-24.455,65.5],[-24.224,65.487],[-24.019,65.445],[-23.9,65.408],[-23.796,65.423],[-23.605,65.469],[-23.122,65.535],[-22.902,65.58],[-22.813,65.547],[-22.644,65.568],[-22.39,65.535],[-22.311,65.481],[-22.006,65.493],[-21.844,65.447],[-21.907,65.4],[-22.149,65.344],[-22.314,65.292],[-22.473,65.227],[-22.509,65.197],[-22.4,65.159],[-22.099,65.126],[-22.04,65.125],[-21.78,65.188],[-21.8,65.106],[-21.892,65.049],[-22.308,65.046],[-22.684,65.026],[-22.788,65.046],[-22.9,65.003],[-23.109,64.966],[-23.198,65.002],[-23.315,64.958],[-23.485,64.946],[-23.693,64.913],[-23.864,64.924],[-24.007,64.896],[-24.026,64.863],[-23.982,64.816],[-23.879,64.751],[-23.819,64.739],[-23.69,64.757],[-23.476,64.809],[-23.347,64.824],[-22.72,64.789],[-22.467,64.795],[-22.234,64.714],[-22.32,64.647],[-22.284,64.587],[-22.16,64.539],[-22.106,64.533],[-21.924,64.563],[-21.675,64.648],[-21.591,64.626],[-21.702,64.598],[-21.95,64.515],[-22.004,64.452],[-21.973,64.395],[-22.053,64.314],[-21.951,64.314],[-21.647,64.398],[-21.606,64.367],[-21.723,64.322],[-21.833,64.205],[-21.935,64.154],[-22.057,64.071],[-22.188,64.039],[-22.51,63.991],[-22.56,64.01],[-22.651,64.077],[-22.701,64.083],[-22.743,64.019],[-22.693,63.869],[-22.607,63.837],[-22.373,63.844],[-21.449,63.858],[-21.388,63.873],[-21.246,63.935],[-21.152,63.945],[-21.137,63.888],[-21.008,63.838],[-20.879,63.804],[-20.73,63.793],[-20.727,63.766],[-20.593,63.735],[-20.414,63.805],[-20.363,63.765],[-20.491,63.732],[-20.494,63.687],[-20.4,63.637],[-20.198,63.556],[-19.952,63.552],[-19.778,63.537],[-19.487,63.479],[-19.25,63.442],[-18.654,63.407],[-18.303,63.454],[-18.222,63.473],[-18.266,63.514],[-18.219,63.531],[-18.143,63.497],[-18.08,63.496],[-17.947,63.536],[-17.88,63.59],[-17.915,63.636],[-17.816,63.713],[-17.633,63.747],[-17.095,63.808],[-16.933,63.841],[-16.74,63.852],[-16.64,63.865],[-16.468,63.916],[-16.236,64.037],[-16.06,64.111],[-15.833,64.177],[-15.495,64.258],[-15.256,64.297],[-15.022,64.296],[-14.927,64.32],[-14.79,64.38],[-14.628,64.416],[-14.547,64.446],[-14.433,64.538],[-14.417,64.583],[-14.465,64.636],[-14.375,64.677],[-14.385,64.745],[-14.297,64.724],[-14.135,64.715],[-13.952,64.784],[-13.853,64.862],[-13.828,64.958],[-13.854,64.993],[-13.777,65.014],[-13.652,65.017],[-13.57,65.068],[-13.581,65.143],[-13.755,65.193],[-13.649,65.237],[-13.653,65.29],[-13.723,65.291],[-13.805,65.355],[-13.668,65.399],[-13.616,65.487],[-13.67,65.55],[-13.785,65.533],[-13.841,65.586],[-13.935,65.616],[-14.167,65.642],[-14.302,65.628],[-14.318,65.684],[-14.373,65.77],[-14.426,65.79],[-14.758,65.756],[-14.839,65.781],[-14.753,65.834],[-14.688,65.897],[-14.674,65.99],[-14.74,66.051],[-14.787,66.059],[-14.894,66.038],[-15.01,66.061],[-15.116,66.102],[-15.117,66.126],[-15.03,66.178],[-14.912,66.284],[-14.788,66.331],[-14.594,66.374],[-14.856,66.381],[-14.97,66.36],[-15.162,66.282],[-15.428,66.225],[-15.543,66.229]]]},"properties":{"iso3":"ISL","name":"Iceland"}},
{"type":"Feature","geometry":{"type":"Polygon","coordinates":[[[35.841,33.416],[35.734,33.333],[35.627,33.275],[35.579,33.271],[35.533,33.25],[35.493,33.119],[35.411,33.076],[35.309,33.08],[35.223,33.092],[35.109,33.084],[35.077,32.967],[35.006,32.827],[34.922,32.614],[34.804,32.196],[34.678,31.896],[34.477,31.585],[34.526,31.526],[34.35,31.363],[34.348,31.293],[34.245,31.208],[34.329,30.995],[34.401,30.828],[34.49,30.596],[34.53,30.446],[34.659,30.191],[34.735,29.982],[34.87,29.564],[34.904,29.477],[34.973,29.555],[35.024,29.787],[35.053,29.897],[35.068,29.978],[35.142,30.142],[35.133,30.195],[35.148,30.384],[35.141,30.421],[35.174,30.524],[35.237,30.673],[35.32,30.86],[35.383,30.982],[35.439,31.132],[35.401,31.231],[35.423,31.325],[35.451,31.479],[35.409,31.483],[35.277,31.423],[35.101,31.366],[34.908,31.351],[34.873,31.397],[34.951,31.602],[35.035,31.673],[35.153,31.734],[35.204,31.75],[35.198,31.776],[35.127,31.817],[35.053,31.838],[34.983,31.817],[34.954,31.841],[34.978,31.866],[34.99,31.913],[34.971,32.087],[34.956,32.161],[35,32.281],[35.011,32.338],[35.065,32.46],[35.193,32.534],[35.362,32.507],[35.403,32.451],[35.484,32.402],[35.551,32.396],[35.573,32.641],[35.611,32.682],[35.734,32.729],[35.787,32.735],[35.833,32.82],[35.842,32.876],[35.888,32.944],[35.859,32.989],[35.845,33.085],[35.817,33.133],[35.833,33.164],[35.809,33.209],[35.785,33.291],[35.793,33.334],[35.841,33.416]]]},"properties":{"iso3":"ISR","name":"Israel"}},
{"type":"Feature","geometry":{"type":"MultiPolygon","coordinates":[[[[7.021,45.926],[6.941,45.868],[6.804,45.815],[6.789,45.78],[6.806,45.71],[6.881,45.67],[6.962,45.581],[7.014,45.5],[7.153,45.401],[7.117,45.349],[7.078,45.24],[6.981,45.216],[6.842,45.136],[6.692,45.144],[6.628,45.118],[6.635,45.068],[6.691,45.023],[6.725,44.973],[6.738,44.921],[6.801,44.883],[6.889,44.86],[6.94,44.859],[6.993,44.827],[7.031,44.717],[7.008,44.689],[6.96,44.677],[6.875,44.565],[6.843,44.511],[6.894,44.428],[6.875,44.392],[6.9,44.336],[6.967,44.28],[7.149,44.202],[7.319,44.138],[7.371,44.127],[7.599,44.168],[7.637,44.165],[7.677,44.083],[7.651,44.034],[7.59,43.965],[7.482,43.865],[7.493,43.767],[7.733,43.803],[8.005,43.877],[8.082,43.919],[8.292,44.137],[8.552,44.346],[8.766,44.422],[8.93,44.408],[9.196,44.323],[9.289,44.319],[9.731,44.101],[10.048,44.02],[10.188,43.948],[10.246,43.852],[10.321,43.513],[10.448,43.371],[10.521,43.204],[10.532,43.14],[10.517,43.065],[10.515,42.968],[10.59,42.954],[10.645,42.957],[10.708,42.936],[10.765,42.845],[10.803,42.804],[10.938,42.739],[11.168,42.535],[11.185,42.457],[11.103,42.417],[11.141,42.39],[11.189,42.393],[11.296,42.423],[11.498,42.363],[11.637,42.288],[11.807,42.082],[12.075,41.941],[12.206,41.813],[12.631,41.47],[12.849,41.409],[13.024,41.301],[13.041,41.266],[13.089,41.244],[13.183,41.278],[13.247,41.289],[13.362,41.279],[13.555,41.232],[13.67,41.254],[13.733,41.236],[13.86,41.13],[14.048,40.87],[14.044,40.812],[14.102,40.827],[14.309,40.813],[14.428,40.759],[14.461,40.729],[14.34,40.599],[14.383,40.6],[14.459,40.633],[14.557,40.626],[14.611,40.645],[14.766,40.668],[14.84,40.63],[14.907,40.556],[14.986,40.377],[14.929,40.31],[14.927,40.265],[14.951,40.239],[15.295,40.07],[15.391,40.052],[15.585,40.053],[15.693,39.99],[15.764,39.87],[15.854,39.627],[16.024,39.354],[16.071,39.139],[16.107,39.024],[16.21,38.941],[16.197,38.759],[16.066,38.736],[15.972,38.713],[15.879,38.614],[15.905,38.483],[15.822,38.303],[15.7,38.262],[15.643,38.175],[15.646,38.034],[15.725,37.939],[16.057,37.942],[16.11,38.019],[16.144,38.086],[16.282,38.25],[16.546,38.409],[16.574,38.494],[16.559,38.715],[16.617,38.8],[16.755,38.89],[16.951,38.94],[17.099,38.919],[17.175,38.998],[17.123,39.137],[17.115,39.381],[16.999,39.482],[16.824,39.578],[16.598,39.639],[16.522,39.748],[16.53,39.86],[16.67,40.137],[16.807,40.326],[16.928,40.458],[17.031,40.513],[17.18,40.503],[17.215,40.486],[17.249,40.438],[17.258,40.399],[17.396,40.34],[17.476,40.315],[17.865,40.28],[18.078,39.937],[18.219,39.853],[18.344,39.821],[18.393,39.904],[18.423,39.987],[18.486,40.105],[18.461,40.221],[18.328,40.371],[18.036,40.565],[17.955,40.655],[17.474,40.841],[17.275,40.975],[17.103,41.062],[16.552,41.232],[16.013,41.435],[15.9,41.512],[15.914,41.621],[16.034,41.701],[16.151,41.758],[16.189,41.814],[16.165,41.896],[16.062,41.928],[15.964,41.939],[15.405,41.913],[15.169,41.934],[14.866,42.053],[14.541,42.244],[14.183,42.506],[14.01,42.69],[13.925,42.852],[13.805,43.18],[13.693,43.39],[13.564,43.571],[13.508,43.612],[13.295,43.686],[12.907,43.921],[12.691,43.995],[12.487,44.134],[12.396,44.224],[12.305,44.429],[12.248,44.723],[12.279,44.832],[12.319,44.833],[12.384,44.798],[12.464,44.845],[12.498,44.899],[12.523,44.968],[12.392,45.04],[12.286,45.208],[12.226,45.242],[12.249,45.369],[12.274,45.446],[12.354,45.492],[12.492,45.546],[12.536,45.545],[12.432,45.468],[12.498,45.462],[12.761,45.544],[12.903,45.611],[13.03,45.638],[13.12,45.698],[13.157,45.747],[13.206,45.771],[13.465,45.71],[13.558,45.771],[13.628,45.771],[13.783,45.627],[13.72,45.588],[13.776,45.582],[13.845,45.593],[13.875,45.615],[13.831,45.68],[13.722,45.761],[13.663,45.792],[13.583,45.812],[13.57,45.834],[13.614,45.962],[13.601,45.98],[13.509,45.974],[13.48,46.009],[13.486,46.04],[13.617,46.133],[13.633,46.177],[13.492,46.217],[13.4,46.225],[13.378,46.262],[13.4,46.318],[13.563,46.415],[13.68,46.463],[13.7,46.52],[13.49,46.556],[13.352,46.558],[13.169,46.573],[12.806,46.626],[12.7,46.647],[12.599,46.654],[12.479,46.673],[12.388,46.703],[12.268,46.836],[12.154,46.935],[12.131,46.985],[12.201,47.061],[12.169,47.082],[11.97,47.04],[11.776,46.986],[11.699,46.985],[11.625,46.997],[11.528,46.997],[11.433,46.983],[11.244,46.976],[11.134,46.936],[11.063,46.859],[11.025,46.797],[10.993,46.777],[10.927,46.769],[10.829,46.775],[10.76,46.793],[10.689,46.846],[10.479,46.855],[10.453,46.865],[10.406,46.735],[10.398,46.665],[10.438,46.619],[10.431,46.55],[10.363,46.547],[10.272,46.565],[10.196,46.621],[10.087,46.6],[10.038,46.483],[10.046,46.448],[10.082,46.421],[10.11,46.363],[10.145,46.254],[10.081,46.228],[10.041,46.238],[9.939,46.362],[9.884,46.368],[9.788,46.346],[9.639,46.296],[9.529,46.306],[9.481,46.349],[9.441,46.431],[9.428,46.482],[9.304,46.496],[9.26,46.475],[9.251,46.287],[9.203,46.219],[9.071,46.102],[9.022,46.051],[8.999,45.983],[9.047,45.876],[9.024,45.846],[8.954,45.83],[8.904,45.862],[8.885,45.919],[8.778,45.996],[8.827,46.061],[8.819,46.077],[8.642,46.111],[8.565,46.16],[8.458,46.246],[8.438,46.283],[8.443,46.403],[8.423,46.446],[8.371,46.445],[8.299,46.403],[8.232,46.341],[8.096,46.271],[8.082,46.256],[8.127,46.188],[8.125,46.161],[8.014,46.052],[7.993,46.016],[7.788,45.922],[7.593,45.972],[7.539,45.978],[7.452,45.944],[7.328,45.912],[7.129,45.88],[7.021,45.926]],[[12.439,41.898],[12.431,41.898],[12.431,41.905],[12.438,41.906],[12.439,41.898]],[[12.485,43.901],[12.426,43.894],[12.397,43.935],[12.441,43.982],[12.504,43.99],[12.515,43.953],[12.485,43.901]]],[[[10.395,42.858],[10.359,42.822],[10.286,42.828],[10.248,42.816],[10.128,42.81],[10.11,42.785],[10.131,42.742],[10.209,42.737],[10.336,42.761],[10.419,42.713],[10.41,42.771],[10.428,42.819],[10.395,42.858]]],[[[15.577,38.22],[15.635,38.268],[15.568,38.296],[15.499,38.291],[15.341,38.217],[15.28,38.23],[15.224,38.211],[15.176,38.168],[15.119,38.153],[14.982,38.168],[14.846,38.172],[14.737,38.151],[14.637,38.085],[14.506,38.046],[14.416,38.043],[14.288,38.017],[14.05,38.041],[13.937,38.024],[13.789,37.981],[13.682,38.001],[13.491,38.103],[13.383,38.127],[13.352,38.181],[13.291,38.191],[13.16,38.19],[13.057,38.131],[13.049,38.084],[12.955,38.041],[12.903,38.035],[12.851,38.064],[12.734,38.183],[12.664,38.108],[12.548,38.053],[12.487,37.939],[12.436,37.82],[12.454,37.774],[12.527,37.67],[12.64,37.594],[12.699,37.572],[12.757,37.567],[12.871,37.575],[12.924,37.571],[13.04,37.507],[13.17,37.479],[13.221,37.452],[13.265,37.41],[13.361,37.349],[13.587,37.254],[13.801,37.136],[13.905,37.101],[14.024,37.107],[14.143,37.104],[14.259,37.046],[14.367,36.973],[14.502,36.799],[14.614,36.767],[14.776,36.71],[14.89,36.724],[15.002,36.694],[15.113,36.688],[15.104,36.785],[15.116,36.839],[15.142,36.892],[15.185,36.935],[15.295,37.013],[15.289,37.097],[15.236,37.139],[15.174,37.209],[15.23,37.244],[15.194,37.283],[15.117,37.335],[15.1,37.459],[15.19,37.651],[15.207,37.721],[15.234,37.785],[15.476,38.063],[15.577,38.22]]],[[[9.632,40.882],[9.554,40.932],[9.615,41.017],[9.539,41.054],[9.455,41.15],[9.351,41.196],[9.283,41.202],[9.228,41.257],[9.182,41.242],[9.163,41.185],[9.107,41.143],[8.998,41.11],[8.821,40.95],[8.699,40.895],[8.572,40.85],[8.468,40.834],[8.31,40.858],[8.245,40.907],[8.204,40.871],[8.181,40.771],[8.19,40.652],[8.23,40.606],[8.296,40.559],[8.353,40.501],[8.385,40.443],[8.409,40.352],[8.471,40.293],[8.471,40.131],[8.455,40.078],[8.409,40.038],[8.399,39.978],[8.408,39.917],[8.496,39.897],[8.548,39.839],[8.541,39.732],[8.451,39.722],[8.461,39.648],[8.447,39.563],[8.399,39.482],[8.418,39.206],[8.486,39.11],[8.553,39.03],[8.595,38.964],[8.649,38.927],[8.719,38.927],[8.801,38.91],[8.881,38.913],[8.967,38.964],[9.023,39.043],[9.056,39.239],[9.149,39.197],[9.264,39.217],[9.388,39.168],[9.486,39.14],[9.563,39.166],[9.617,39.354],[9.686,39.924],[9.707,40.017],[9.701,40.092],[9.659,40.159],[9.643,40.268],[9.754,40.4],[9.805,40.5],[9.794,40.556],[9.682,40.818],[9.632,40.882]]]]},"properties":{"iso3":"ITA","name":"Italy"}},
{"type":"Feature","geometry":{"type":"Polygon","coordinates":[[[-2.019,49.231],[-2.082,49.255],[-2.221,49.266],[-2.236,49.176],[-2.091,49.187],[-2.01,49.181],[-2.019,49.231]]]},"properties":{"iso3":"JEY","name":"Jersey"}},
{"type":"Feature","geometry":{"type":"Polygon","coordinates":[[[35.787,32.735],[35.734,32.729],[35.611,32.682],[35.573,32.641],[35.551,32.396],[35.572,32.238],[35.535,32.103],[35.531,31.985],[35.559,31.766],[35.499,31.672],[35.465,31.562],[35.451,31.479],[35.423,31.325],[35.401,31.231],[35.439,31.132],[35.383,30.982],[35.32,30.86],[35.237,30.673],[35.174,30.524],[35.141,30.421],[35.148,30.384],[35.133,30.195],[35.142,30.142],[35.068,29.978],[35.053,29.897],[35.024,29.787],[34.973,29.555],[34.982,29.484],[34.951,29.354],[35.595,29.255],[36.015,29.19],[36.068,29.201],[36.476,29.495],[36.704,29.832],[36.755,29.866],[37.469,29.995],[37.491,30.012],[37.634,30.313],[37.67,30.348],[37.98,30.5],[37.655,30.829],[37.479,31.008],[36.959,31.492],[37.493,31.626],[37.774,31.696],[38.375,31.847],[38.962,31.995],[38.997,32.007],[39.145,32.125],[39.293,32.244],[39.247,32.351],[39.14,32.331],[39.041,32.306],[38.982,32.473],[39.058,32.493],[38.915,32.935],[38.774,33.372],[38.516,33.237],[38.056,32.995],[37.754,32.83],[37.318,32.591],[36.818,32.317],[36.479,32.361],[36.372,32.387],[36.284,32.457],[36.22,32.495],[36.059,32.534],[35.956,32.667],[35.895,32.714],[35.787,32.735]]]},"properties":{"iso3":"JOR","name":"Jordan"}},
{"type":"Feature","geometry":{"type":"MultiPolygon","coordinates":[[[[65,43.651],[65,54.367],[64.927,54.397],[64.809,54.369],[64.65,54.352],[64.525,54.362],[64.461,54.384],[64.199,54.347],[64.063,54.303],[64.004,54.267],[63.847,54.236],[63.721,54.245],[63.582,54.222],[63.414,54.183],[63.293,54.17],[63.191,54.171],[63.074,54.105],[62.633,54.069],[62.499,54.013],[62.04,54.003],[61.986,53.954],[61.929,53.946],[61.598,53.995],[61.334,54.049],[61.231,54.019],[61.144,53.964],[61.113,53.882],[61.113,53.753],[61.074,53.71],[60.986,53.657],[60.979,53.622],[61.099,53.583],[61.248,53.551],[61.41,53.587],[61.474,53.58],[61.535,53.523],[61.499,53.485],[61.401,53.456],[61.312,53.466],[61.229,53.446],[61.186,53.406],[61.163,53.337],[61.199,53.287],[61.311,53.275],[61.437,53.239],[61.576,53.222],[61.66,53.228],[61.766,53.174],[62.015,53.108],[62.081,53.057],[62.083,53.005],[62.037,52.966],[61.974,52.944],[61.719,52.969],[61.534,52.979],[61.401,52.996],[61.207,52.989],[61.047,52.972],[60.945,52.86],[60.802,52.745],[60.774,52.676],[60.821,52.57],[60.979,52.395],[60.995,52.337],[60.938,52.281],[60.828,52.233],[60.67,52.151],[60.499,52.146],[60.425,52.126],[60.234,52.025],[60.066,51.976],[60.03,51.933],[60.067,51.891],[60.28,51.835],[60.388,51.773],[60.418,51.704],[60.465,51.651],[60.63,51.617],[60.974,51.537],[61.015,51.492],[61.363,51.442],[61.555,51.325],[61.585,51.23],[61.512,51.137],[61.465,50.99],[61.389,50.861],[61.227,50.775],[60.942,50.696],[60.638,50.664],[60.508,50.669],[60.288,50.704],[60.187,50.77],[60.112,50.834],[60.059,50.85],[60.005,50.84],[59.955,50.799],[59.812,50.582],[59.751,50.544],[59.523,50.493],[59.498,50.511],[59.524,50.583],[59.452,50.62],[59.171,50.648],[58.884,50.694],[58.814,50.737],[58.547,50.971],[58.359,51.064],[58.188,51.082],[58.175,51.072],[58.045,51.069],[57.839,51.092],[57.765,51.047],[57.717,50.981],[57.654,50.925],[57.558,50.896],[57.442,50.889],[57.313,50.947],[57.179,51.036],[57.012,51.065],[56.85,51.046],[56.62,50.981],[56.491,51.02],[56.144,50.845],[56.104,50.776],[56.05,50.714],[55.929,50.654],[55.798,50.602],[55.686,50.583],[55.542,50.602],[55.361,50.665],[55.195,50.745],[55.015,50.87],[54.868,50.941],[54.727,50.998],[54.642,51.012],[54.573,50.99],[54.546,50.946],[54.606,50.88],[54.638,50.781],[54.65,50.66],[54.636,50.592],[54.596,50.551],[54.517,50.541],[54.471,50.584],[54.443,50.674],[54.421,50.78],[54.298,50.914],[54.042,51.115],[53.957,51.161],[53.776,51.214],[53.688,51.252],[53.535,51.4],[53.449,51.445],[53.338,51.482],[53.227,51.485],[53.038,51.464],[52.903,51.467],[52.821,51.495],[52.728,51.498],[52.635,51.48],[52.571,51.482],[52.496,51.512],[52.423,51.594],[52.331,51.681],[52.219,51.709],[52.007,51.673],[51.775,51.554],[51.609,51.484],[51.345,51.475],[51.301,51.497],[51.27,51.594],[51.163,51.647],[50.882,51.719],[50.794,51.729],[50.756,51.675],[50.644,51.589],[50.516,51.506],[50.354,51.37],[50.309,51.322],[50.247,51.29],[50.105,51.255],[49.932,51.197],[49.822,51.132],[49.666,51.102],[49.498,51.084],[49.425,51.027],[49.379,50.935],[49.323,50.852],[49.059,50.726],[48.914,50.645],[48.808,50.601],[48.655,50.62],[48.625,50.613],[48.666,50.55],[48.7,50.354],[48.749,50.228],[48.818,50.1],[48.843,50.013],[48.81,49.962],[48.759,49.928],[48.6,49.875],[48.434,49.829],[48.335,49.858],[48.225,49.932],[48.061,50.094],[47.85,50.282],[47.706,50.378],[47.6,50.414],[47.504,50.403],[47.429,50.358],[47.326,50.274],[47.295,50.217],[47.295,50.058],[47.248,50.001],[47.13,49.939],[46.992,49.853],[46.89,49.697],[46.823,49.502],[46.802,49.367],[46.853,49.304],[46.953,49.253],[47.018,49.2],[47.031,49.15],[47.014,49.098],[46.962,49.038],[46.853,48.97],[46.703,48.806],[46.609,48.574],[46.661,48.412],[46.853,48.324],[47.004,48.284],[47.065,48.232],[47.119,48.127],[47.112,48.02],[47.093,47.948],[47.131,47.877],[47.202,47.792],[47.292,47.741],[47.482,47.804],[47.6,47.79],[48.11,47.745],[48.167,47.709],[48.276,47.59],[48.553,47.321],[48.601,47.262],[48.714,47.1],[48.832,46.955],[48.959,46.775],[48.95,46.726],[48.884,46.705],[48.776,46.71],[48.605,46.766],[48.519,46.734],[48.502,46.699],[48.509,46.65],[48.541,46.606],[48.61,46.566],[48.959,46.442],[49.184,46.349],[49.206,46.386],[49.286,46.437],[49.362,46.41],[49.347,46.519],[49.437,46.537],[49.584,46.545],[49.632,46.568],[49.761,46.571],[49.886,46.596],[50,46.634],[50.102,46.696],[50.306,46.795],[50.419,46.879],[50.528,46.873],[50.583,46.882],[50.68,46.939],[50.733,46.952],[50.92,47.041],[51.178,47.11],[51.291,47.097],[51.615,47.03],[51.65,47.018],[51.745,46.934],[51.945,46.895],[52.011,46.902],[52.086,46.84],[52.138,46.829],[52.189,46.84],[52.34,46.895],[52.42,46.964],[52.483,46.991],[52.678,46.957],[52.916,46.954],[53.035,46.893],[53.069,46.856],[53.138,46.742],[53.17,46.669],[53.132,46.608],[53.079,46.547],[53.064,46.475],[53.109,46.414],[53.135,46.192],[53.042,45.968],[52.888,45.78],[52.774,45.573],[52.838,45.497],[53.086,45.407],[53.2,45.332],[53.079,45.308],[52.911,45.32],[52.772,45.344],[52.531,45.399],[52.427,45.405],[52.049,45.388],[51.733,45.399],[51.54,45.343],[51.416,45.358],[51.333,45.28],[51.294,45.23],[51.25,45.122],[51.154,45.04],[51.04,44.98],[51.009,44.922],[51.021,44.854],[51.058,44.812],[51.218,44.709],[51.31,44.619],[51.366,44.6],[51.431,44.602],[51.494,44.578],[51.544,44.531],[51.377,44.541],[51.177,44.501],[51.111,44.508],[51.049,44.53],[50.86,44.629],[50.652,44.633],[50.409,44.624],[50.297,44.582],[50.265,44.527],[50.253,44.406],[50.276,44.355],[50.331,44.325],[50.472,44.295],[50.685,44.265],[50.783,44.228],[50.831,44.193],[50.94,43.959],[51.065,43.75],[51.14,43.649],[51.239,43.577],[51.302,43.482],[51.313,43.356],[51.292,43.231],[51.295,43.174],[51.348,43.167],[51.514,43.171],[51.616,43.158],[51.7,43.104],[51.785,43.004],[51.844,42.91],[51.898,42.87],[51.961,42.851],[52.076,42.88],[52.184,42.869],[52.273,42.8],[52.324,42.816],[52.434,42.824],[52.55,42.805],[52.597,42.76],[52.638,42.556],[52.618,42.428],[52.573,42.331],[52.517,42.237],[52.462,42.101],[52.459,42.048],[52.468,41.886],[52.494,41.78],[52.697,41.944],[52.871,42.061],[53.056,42.148],[53.25,42.206],[53.685,42.297],[53.926,42.33],[54.121,42.335],[54.272,42.28],[54.678,42.078],[54.854,41.965],[54.904,41.919],[54.952,41.81],[55.102,41.639],[55.25,41.458],[55.32,41.408],[55.434,41.296],[55.487,41.272],[55.545,41.263],[55.679,41.279],[55.839,41.311],[55.977,41.322],[55.977,41.781],[55.977,42.47],[55.977,42.929],[55.976,43.618],[55.976,44.306],[55.976,44.995],[56.792,45.181],[57.477,45.337],[57.961,45.44],[58.449,45.543],[58.555,45.555],[58.669,45.508],[59.36,45.179],[59.774,44.981],[60.188,44.784],[60.603,44.587],[61.008,44.394],[61.065,44.348],[61.097,44.248],[61.161,44.169],[61.385,43.994],[61.723,43.714],[61.99,43.492],[62.072,43.489],[62.459,43.537],[63.207,43.628],[63.68,43.599],[64.443,43.551],[64.812,43.694],[64.905,43.715],[65,43.651]]],[[[50.184,44.855],[50.098,44.882],[50.039,44.949],[50.045,45.01],[50.117,45.058],[50.11,45.082],[50.023,45.045],[49.995,44.937],[50.095,44.831],[50.149,44.826],[50.184,44.855]]]]},"properties":{"iso3":"KAZ","name":"Kazakhstan"}},
{"type":"Feature","geometry":{"type":"Polygon","coordinates":[[[20.344,42.828],[20.215,42.799],[20.193,42.755],[20.054,42.76],[20.029,42.732],[20.089,42.632],[20.064,42.547],[20.104,42.525],[20.186,42.426],[20.241,42.339],[20.348,42.309],[20.485,42.223],[20.523,42.171],[20.575,42.013],[20.581,41.917],[20.566,41.874],[20.695,41.854],[20.744,41.904],[20.75,42.018],[20.778,42.071],[21.06,42.171],[21.142,42.175],[21.256,42.1],[21.287,42.1],[21.332,42.187],[21.39,42.22],[21.563,42.248],[21.519,42.328],[21.53,42.35],[21.61,42.387],[21.619,42.423],[21.731,42.595],[21.753,42.67],[21.663,42.681],[21.391,42.751],[21.403,42.832],[21.237,42.913],[21.223,42.956],[21.127,43.043],[21.057,43.092],[20.968,43.116],[20.844,43.173],[20.824,43.238],[20.763,43.259],[20.623,43.199],[20.61,43.178],[20.658,43.1],[20.624,43.034],[20.475,42.953],[20.458,42.925],[20.487,42.879],[20.469,42.858],[20.344,42.828]]]},"properties":{"iso3":"KOS","name":"Kosovo"}},
{"type":"Feature","geometry":{"type":"MultiPolygon","coordinates":[[[[48.442,28.543],[48.39,28.632],[48.339,28.763],[48.253,28.901],[48.184,28.979],[48.1,29.211],[48.086,29.275],[48.051,29.355],[47.998,29.386],[47.935,29.367],[47.845,29.366],[47.723,29.393],[47.725,29.417],[47.817,29.487],[47.97,29.617],[48.089,29.579],[48.143,29.572],[48.136,29.618],[48.006,29.836],[47.974,29.946],[47.979,29.983],[47.754,30.077],[47.673,30.096],[47.515,30.096],[47.331,30.08],[47.223,30.042],[47.148,30.001],[47.114,29.961],[47.044,29.823],[46.976,29.673],[46.906,29.538],[46.769,29.347],[46.694,29.26],[46.531,29.096],[46.982,29.046],[47.433,28.99],[47.521,28.838],[47.583,28.628],[47.671,28.533],[48.05,28.538],[48.442,28.543]]],[[[48.275,29.624],[48.34,29.695],[48.348,29.783],[48.228,29.936],[48.185,29.979],[48.159,29.96],[48.139,29.897],[48.081,29.799],[48.143,29.665],[48.18,29.611],[48.218,29.602],[48.275,29.624]]]]},"properties":{"iso3":"KWT","name":"Kuwait"}},
{"type":"Feature","geometry":{"type":"Polygon","coordinates":[[[35.976,34.629],[35.978,34.547],[35.921,34.493],[35.804,34.437],[35.648,34.248],[35.612,34.032],[35.511,33.88],[35.336,33.503],[35.251,33.393],[35.204,33.259],[35.155,33.16],[35.109,33.084],[35.223,33.092],[35.309,33.08],[35.411,33.076],[35.493,33.119],[35.533,33.25],[35.579,33.271],[35.627,33.275],[35.734,33.333],[35.841,33.416],[35.915,33.465],[35.927,33.5],[36.022,33.563],[36.027,33.598],[35.972,33.623],[35.942,33.668],[35.968,33.732],[36.019,33.784],[36.092,33.832],[36.15,33.84],[36.283,33.836],[36.349,33.827],[36.363,33.855],[36.282,33.894],[36.298,33.959],[36.355,34.011],[36.423,34.05],[36.458,34.057],[36.535,34.134],[36.585,34.221],[36.504,34.432],[36.456,34.466],[36.326,34.513],[36.433,34.613],[36.384,34.658],[36.296,34.679],[36.264,34.633],[36.151,34.629],[35.976,34.629]]]},"properties":{"iso3":"LBN","name":"Lebanon"}},
{"type":"Feature","geometry":{"type":"Polygon","coordinates":[[[9.519,30.229],[9.31,30.115],[9.391,29.994],[9.546,29.796],[9.64,29.636],[9.673,29.567],[9.746,29.369],[9.821,29.115],[9.843,28.967],[9.816,28.56],[9.858,28.043],[9.916,27.786],[9.825,27.553],[9.748,27.331],[9.753,27.219],[9.81,27],[24.98,27],[24.98,27.61],[24.98,28.059],[24.98,28.733],[24.98,29.182],[24.972,29.224],[24.916,29.376],[24.866,29.57],[24.811,29.809],[24.804,29.886],[24.712,30.132],[24.703,30.201],[24.726,30.251],[24.878,30.458],[24.923,30.558],[24.961,30.679],[24.974,30.777],[24.929,30.926],[24.878,31.061],[24.86,31.199],[24.853,31.335],[24.93,31.427],[25.023,31.514],[25.057,31.567],[25.15,31.655],[25.115,31.712],[25.025,31.883],[24.951,31.954],[24.879,31.984],[24.684,32.016],[24.48,31.997],[24.13,32.009],[24.039,32.037],[23.898,32.127],[23.798,32.159],[23.286,32.214],[23.106,32.331],[23.11,32.397],[23.13,32.448],[23.091,32.619],[22.917,32.687],[22.754,32.741],[22.523,32.794],[22.341,32.88],[22.187,32.918],[21.839,32.909],[21.721,32.942],[21.636,32.937],[21.425,32.799],[21.319,32.778],[21.062,32.776],[20.621,32.58],[20.371,32.431],[20.121,32.219],[20.031,32.108],[19.973,31.999],[19.926,31.818],[19.961,31.556],[20.02,31.411],[20.104,31.301],[20.141,31.196],[20.151,31.079],[20.112,30.964],[20.013,30.801],[19.713,30.488],[19.59,30.414],[19.292,30.288],[19.124,30.266],[18.936,30.29],[18.67,30.416],[18.19,30.777],[17.949,30.852],[17.83,30.928],[17.349,31.081],[16.782,31.215],[16.451,31.227],[16.123,31.264],[15.832,31.361],[15.706,31.426],[15.596,31.531],[15.496,31.657],[15.414,31.834],[15.363,31.971],[15.359,32.16],[15.267,32.312],[15.177,32.391],[14.513,32.511],[14.424,32.55],[14.237,32.681],[14.156,32.71],[13.835,32.792],[13.648,32.799],[13.536,32.824],[13.283,32.915],[13.138,32.897],[12.754,32.801],[12.427,32.829],[12.28,32.859],[11.813,33.094],[11.657,33.119],[11.505,33.182],[11.467,32.966],[11.454,32.782],[11.454,32.643],[11.534,32.525],[11.536,32.473],[11.505,32.414],[11.168,32.257],[10.826,32.081],[10.772,32.021],[10.609,31.93],[10.596,31.886],[10.544,31.803],[10.476,31.736],[10.306,31.705],[10.275,31.685],[10.16,31.546],[10.115,31.464],[10.173,31.251],[10.243,31.032],[10.257,30.941],[10.256,30.865],[10.216,30.783],[10.06,30.58],[9.933,30.425],[9.895,30.387],[9.807,30.342],[9.638,30.282],[9.519,30.229]]]},"properties":{"iso3":"LBY","name":"Libya"}},
{"type":"Feature","geometry":{"type":"Polygon","coordinates":[[[9.58,47.057],[9.611,47.107],[9.572,47.158],[9.528,47.271],[9.484,47.173],[9.488,47.062],[9.58,47.057]]]},"properties":{"iso3":"LIE","name":"Liechtenstein"}},
{"type":"Feature","geometry":{"type":"Polygon","coordinates":[[[6.117,50.121],[6.089,50.155],[5.976,50.167],[5.867,50.083],[5.788,49.961],[5.744,49.92],[5.725,49.808],[5.788,49.759],[5.88,49.645],[5.838,49.578],[5.79,49.538],[5.823,49.505],[5.901,49.49],[5.959,49.455],[6.011,49.445],[6.074,49.455],[6.12,49.485],[6.181,49.499],[6.242,49.494],[6.344,49.453],[6.348,49.513],[6.378,49.6],[6.407,49.645],[6.485,49.708],[6.487,49.798],[6.325,49.838],[6.256,49.872],[6.138,49.974],[6.11,50.034],[6.117,50.121]]]},"properties":{"iso3":"LUX","name":"Luxembourg"}},
{"type":"Feature","geometry":{"type":"Polygon","coordinates":[[[24.323,57.871],[24.302,57.784],[24.363,57.645],[24.403,57.325],[24.383,57.25],[24.281,57.172],[23.931,57.008],[23.648,56.971],[23.287,57.09],[23.137,57.324],[23.038,57.392],[22.649,57.595],[22.555,57.724],[22.231,57.667],[21.942,57.598],[21.729,57.571],[21.459,57.322],[21.421,57.236],[21.405,57.131],[21.351,57.018],[21.257,56.933],[21.071,56.824],[21.031,56.637],[21.015,56.259],[21.046,56.07],[21.315,56.188],[21.654,56.315],[21.731,56.326],[22.043,56.401],[22.085,56.407],[22.366,56.393],[22.587,56.375],[22.773,56.377],[22.876,56.396],[22.968,56.38],[23.043,56.324],[23.12,56.331],[23.196,56.367],[23.613,56.334],[23.813,56.329],[24.008,56.295],[24.121,56.264],[24.368,56.283],[24.474,56.284],[24.529,56.296],[24.7,56.381],[24.841,56.411],[24.903,56.398],[24.944,56.326],[25.07,56.2],[25.207,56.178],[25.586,56.13],[25.663,56.105],[25.876,55.994],[26.086,55.897],[26.21,55.812],[26.281,55.75],[26.401,55.704],[26.543,55.672],[26.772,55.694],[26.822,55.709],[26.953,55.813],[27.053,55.831],[27.309,55.804],[27.577,55.799],[27.642,55.912],[27.896,56.076],[28.032,56.133],[28.148,56.143],[28.202,56.26],[28.169,56.387],[28.103,56.546],[28.008,56.6],[27.992,56.645],[27.892,56.741],[27.882,56.824],[27.806,56.867],[27.639,56.846],[27.711,56.978],[27.717,57.055],[27.763,57.135],[27.815,57.167],[27.838,57.248],[27.797,57.317],[27.539,57.43],[27.511,57.508],[27.47,57.524],[27.352,57.528],[27.187,57.538],[27.033,57.579],[26.966,57.609],[26.9,57.609],[26.533,57.531],[26.462,57.544],[26.298,57.601],[26.03,57.786],[25.991,57.838],[25.794,57.869],[25.721,57.914],[25.571,57.943],[25.34,58.039],[25.283,58.048],[25.273,58.009],[25.229,57.997],[25.111,58.063],[24.911,58.005],[24.776,57.985],[24.459,57.908],[24.363,57.866],[24.323,57.871]]]},"properties":{"iso3":"LVA","name":"Latvia"}},
{"type":"Feature","geometry":{"type":"Polygon","coordinates":[[[-2.22,35.104],[-2.424,35.123],[-2.637,35.113],[-2.731,35.135],[-2.84,35.128],[-2.87,35.173],[-2.926,35.287],[-2.954,35.315],[-2.972,35.407],[-3.063,35.317],[-3.206,35.239],[-3.395,35.212],[-3.591,35.228],[-3.693,35.28],[-3.788,35.245],[-3.982,35.243],[-4.33,35.161],[-4.628,35.206],[-4.837,35.281],[-5.105,35.468],[-5.253,35.615],[-5.338,35.745],[-5.338,35.857],[-5.278,35.903],[-5.397,35.93],[-5.522,35.862],[-5.623,35.829],[-5.748,35.816],[-5.925,35.786],[-5.958,35.681],[-6.353,34.776],[-6.756,34.133],[-6.901,33.969],[-7.145,33.83],[-7.562,33.64],[-8.301,33.374],[-8.513,33.252],[-8.596,33.187],[-8.836,32.92],[-9.246,32.572],[-9.249,32.486],[-9.287,32.241],[-9.347,32.086],[-9.675,31.711],[-9.809,31.425],[-9.833,31.07],[-9.832,30.847],[-9.875,30.718],[-9.854,30.645],[-9.773,30.603],[-9.653,30.448],[-9.624,30.353],[-9.667,30.109],[-9.743,29.958],[-9.853,29.809],[-10.01,29.641],[-10.201,29.38],[-10.486,29.065],[-10.674,28.939],[-11.081,28.714],[-11.299,28.526],[-11.43,28.382],[-11.553,28.31],[-11.986,28.129],[-12.469,28.009],[-12.794,27.978],[-12.949,27.914],[-13.041,27.77],[-13.176,27.656],[-13.256,27.435],[-13.41,27.147],[-13.456,27],[-10.955,27],[-10.923,27.01],[-10.83,27.01],[-10.758,27.02],[-10.648,27],[-9.557,27],[-9.487,27.05],[-9.413,27.088],[-9.353,27.098],[-9.208,27.1],[-9.084,27.09],[-9.002,27.09],[-8.795,27.121],[-8.754,27.151],[-8.754,27.191],[-8.797,27.308],[-8.803,27.361],[-8.774,27.461],[-8.785,27.531],[-8.814,27.614],[-8.818,27.656],[-8.683,27.656],[-8.683,28.324],[-8.683,28.621],[-8.678,28.689],[-8.66,28.719],[-8.558,28.768],[-8.399,28.88],[-8.34,28.93],[-8.265,28.981],[-7.999,29.132],[-7.944,29.175],[-7.685,29.35],[-7.625,29.375],[-7.486,29.392],[-7.428,29.425],[-7.35,29.495],[-7.235,29.575],[-7.142,29.62],[-7.095,29.625],[-6.856,29.602],[-6.635,29.569],[-6.566,29.604],[-6.521,29.66],[-6.501,29.809],[-6.48,29.82],[-6.358,29.808],[-6.215,29.811],[-6.004,29.831],[-5.775,29.869],[-5.449,29.957],[-5.294,30.059],[-5.18,30.166],[-5.062,30.326],[-4.968,30.465],[-4.779,30.552],[-4.62,30.605],[-4.529,30.626],[-4.323,30.699],[-3.985,30.914],[-3.702,30.944],[-3.627,31.001],[-3.625,31.066],[-3.673,31.111],[-3.771,31.162],[-3.812,31.167],[-3.833,31.198],[-3.815,31.309],[-3.789,31.362],[-3.796,31.437],[-3.837,31.512],[-3.85,31.566],[-3.847,31.62],[-3.827,31.662],[-3.768,31.69],[-3.7,31.7],[-3.605,31.687],[-3.44,31.705],[-3.017,31.834],[-2.988,31.874],[-2.931,32.043],[-2.863,32.075],[-2.523,32.126],[-2.448,32.13],[-1.817,32.105],[-1.275,32.089],[-1.226,32.107],[-1.226,32.165],[-1.262,32.271],[-1.24,32.338],[-1.066,32.468],[-1.111,32.552],[-1.188,32.608],[-1.352,32.703],[-1.45,32.785],[-1.51,32.878],[-1.551,33.074],[-1.625,33.183],[-1.679,33.319],[-1.631,33.567],[-1.703,33.717],[-1.714,33.782],[-1.715,33.858],[-1.693,33.99],[-1.707,34.176],[-1.792,34.368],[-1.733,34.467],[-1.739,34.496],[-1.817,34.557],[-1.85,34.607],[-1.792,34.723],[-1.796,34.752],[-2.132,34.971],[-2.191,35.03],[-2.22,35.104]]]},"properties":{"iso3":"MAR","name":"Morocco"}},
{"type":"Feature","geometry":{"type":"Polygon","coordinates":[[[26.619,48.26],[26.714,48.263],[26.787,48.256],[26.901,48.211],[26.981,48.155],[27.012,48.11],[27.08,48.048],[27.152,47.959],[27.231,47.842],[27.278,47.718],[27.337,47.64],[27.449,47.553],[27.516,47.476],[27.614,47.341],[27.768,47.228],[27.802,47.168],[27.854,47.115],[28.072,46.978],[28.15,46.792],[28.239,46.641],[28.223,46.508],[28.244,46.451],[28.2,46.348],[28.119,46.139],[28.1,45.973],[28.116,45.826],[28.156,45.713],[28.16,45.647],[28.075,45.599],[28.112,45.569],[28.213,45.45],[28.31,45.499],[28.471,45.507],[28.499,45.518],[28.514,45.572],[28.492,45.666],[28.562,45.736],[28.668,45.794],[28.729,45.852],[28.739,45.937],[28.85,45.979],[28.948,46.05],[28.972,46.128],[29.006,46.176],[28.944,46.288],[28.927,46.424],[28.958,46.458],[29.05,46.497],[29.146,46.527],[29.201,46.505],[29.205,46.379],[29.255,46.393],[29.305,46.467],[29.393,46.437],[29.459,46.454],[29.555,46.408],[29.615,46.399],[29.707,46.449],[29.752,46.438],[29.838,46.351],[29.878,46.36],[30.076,46.378],[30.131,46.423],[29.924,46.539],[29.942,46.724],[29.918,46.782],[29.878,46.829],[29.72,46.883],[29.598,46.939],[29.572,46.964],[29.563,47.048],[29.515,47.091],[29.511,47.128],[29.542,47.186],[29.549,47.247],[29.511,47.291],[29.456,47.293],[29.383,47.328],[29.334,47.376],[29.201,47.444],[29.16,47.456],[29.123,47.53],[29.186,47.659],[29.211,47.732],[29.195,47.882],[29.125,47.965],[29.093,47.975],[28.973,47.933],[28.923,47.951],[28.866,47.996],[28.774,48.12],[28.53,48.15],[28.463,48.091],[28.423,48.147],[28.327,48.161],[28.347,48.213],[28.291,48.239],[28.159,48.238],[28.088,48.257],[28.08,48.296],[28.038,48.321],[27.963,48.334],[27.891,48.365],[27.82,48.416],[27.714,48.45],[27.574,48.465],[27.549,48.478],[27.404,48.416],[27.337,48.433],[27.229,48.371],[27.008,48.368],[26.901,48.372],[26.847,48.387],[26.64,48.294],[26.619,48.26]]]},"properties":{"iso3":"MDA","name":"Moldova"}},
{"type":"Feature","geometry":{"type":"Polygon","coordinates":[[[21.563,42.248],[21.39,42.22],[21.332,42.187],[21.287,42.1],[21.256,42.1],[21.142,42.175],[21.06,42.171],[20.778,42.071],[20.75,42.018],[20.744,41.904],[20.695,41.854],[20.566,41.874],[20.553,41.862],[20.505,41.706],[20.516,41.575],[20.449,41.521],[20.492,41.391],[20.489,41.273],[20.568,41.128],[20.656,41.062],[20.709,40.928],[20.741,40.905],[20.87,40.918],[20.933,40.903],[20.964,40.85],[21.148,40.863],[21.324,40.867],[21.404,40.907],[21.46,40.904],[21.576,40.869],[21.628,40.896],[21.779,40.95],[21.929,41.107],[21.993,41.131],[22.139,41.141],[22.184,41.159],[22.238,41.155],[22.401,41.123],[22.494,41.119],[22.604,41.14],[22.725,41.179],[22.755,41.313],[22.784,41.332],[22.916,41.336],[22.93,41.356],[22.951,41.606],[23.006,41.717],[22.992,41.757],[22.944,41.775],[22.909,41.835],[22.837,41.994],[22.796,42.026],[22.682,42.059],[22.583,42.105],[22.498,42.165],[22.344,42.314],[22.24,42.358],[22.147,42.325],[22.052,42.305],[21.978,42.32],[21.904,42.322],[21.815,42.303],[21.739,42.268],[21.618,42.242],[21.563,42.248]]]},"properties":{"iso3":"MKD","name":"North Macedonia"}},
{"type":"Feature","geometry":{"type":"Polygon","coordinates":[[[14.566,35.853],[14.537,35.886],[14.448,35.957],[14.351,35.978],[14.352,35.872],[14.436,35.822],[14.533,35.82],[14.566,35.853]]]},"properties":{"iso3":"MLT","name":"Malta"}},
{"type":"Feature","geometry":{"type":"Polygon","coordinates":[[[19.194,43.533],[19.08,43.518],[18.974,43.542],[18.94,43.497],[19.037,43.357],[19.027,43.292],[18.979,43.285],[18.935,43.339],[18.851,43.346],[18.674,43.231],[18.622,43.125],[18.624,43.028],[18.488,43.012],[18.444,42.968],[18.466,42.777],[18.543,42.674],[18.535,42.62],[18.436,42.56],[18.438,42.523],[18.517,42.433],[18.646,42.443],[18.619,42.398],[18.633,42.378],[18.894,42.249],[19.122,42.06],[19.186,41.949],[19.342,41.869],[19.361,41.998],[19.361,42.069],[19.331,42.129],[19.281,42.173],[19.329,42.249],[19.4,42.342],[19.545,42.492],[19.654,42.629],[19.703,42.648],[19.741,42.607],[19.738,42.525],[19.788,42.476],[19.939,42.507],[20.046,42.55],[20.064,42.547],[20.089,42.632],[20.029,42.732],[20.054,42.76],[20.193,42.755],[20.215,42.799],[20.344,42.828],[20.34,42.893],[20.268,42.935],[20.168,42.969],[19.944,43.082],[19.781,43.11],[19.671,43.164],[19.614,43.173],[19.552,43.212],[19.415,43.343],[19.298,43.414],[19.219,43.45],[19.196,43.485],[19.194,43.533]]]},"properties":{"iso3":"MNE","name":"Montenegro"}},
{"type":"Feature","geometry":{"type":"Polygon","coordinates":[[[-8.683,27],[-8.197,27],[-8.683,27.286],[-8.683,27]]]},"properties":{"iso3":"MRT","name":"Mauritania"}},
{"type":"Feature","geometry":{"type":"MultiPolygon","coordinates":[[[[5.994,50.75],[6.048,50.905],[6.007,50.95],[5.895,50.984],[5.868,51.045],[5.939,51.041],[6.13,51.147],[6.082,51.18],[6.076,51.224],[6.166,51.355],[6.193,51.411],[6.193,51.489],[6.091,51.599],[6.089,51.638],[6.053,51.658],[5.949,51.762],[5.949,51.803],[6.008,51.834],[6.167,51.881],[6.297,51.851],[6.356,51.825],[6.425,51.858],[6.518,51.854],[6.742,51.911],[6.802,51.98],[6.716,52.036],[6.749,52.099],[6.855,52.136],[6.977,52.206],[7.02,52.266],[7.035,52.38],[6.968,52.444],[6.833,52.442],[6.749,52.464],[6.692,52.53],[6.719,52.574],[6.711,52.618],[6.748,52.634],[7.013,52.634],[7.033,52.651],[7.051,52.745],[7.117,52.887],[7.179,52.966],[7.19,53],[7.189,53.187],[7.197,53.282],[7.058,53.301],[6.968,53.327],[6.816,53.441],[6.564,53.434],[6.353,53.415],[6.062,53.407],[5.874,53.375],[5.532,53.269],[5.446,53.214],[5.358,53.096],[5.061,52.961],[4.888,52.908],[4.769,52.941],[4.713,52.872],[4.678,52.81],[4.562,52.443],[4.483,52.309],[4.376,52.197],[4.209,52.059],[4.085,51.994],[4.026,51.928],[3.947,51.811],[4.135,51.673],[4.183,51.61],[4.005,51.596],[4.08,51.551],[4.239,51.504],[4.274,51.472],[4.141,51.456],[3.886,51.574],[3.744,51.596],[3.549,51.589],[3.5,51.577],[3.449,51.541],[3.521,51.486],[3.587,51.454],[3.694,51.45],[3.822,51.409],[4.007,51.443],[4.139,51.402],[4.226,51.386],[4.304,51.362],[4.404,51.367],[4.385,51.428],[4.441,51.46],[4.503,51.475],[4.589,51.422],[4.634,51.422],[4.756,51.491],[4.811,51.453],[4.848,51.403],[4.944,51.408],[5.031,51.469],[5.059,51.453],[5.1,51.346],[5.214,51.279],[5.311,51.26],[5.509,51.275],[5.54,51.239],[5.609,51.198],[5.752,51.169],[5.827,51.126],[5.818,51.086],[5.75,50.989],[5.737,50.932],[5.648,50.867],[5.639,50.844],[5.694,50.775],[5.797,50.755],[5.994,50.75]]],[[[4.226,51.386],[4.112,51.361],[4.011,51.396],[3.883,51.354],[3.717,51.369],[3.589,51.399],[3.426,51.394],[3.35,51.378],[3.38,51.291],[3.433,51.246],[3.472,51.242],[3.58,51.286],[3.682,51.276],[3.756,51.255],[3.831,51.213],[3.902,51.208],[4.04,51.247],[4.173,51.307],[4.226,51.386]]],[[[4.886,53.071],[4.886,53.183],[4.74,53.091],[4.709,53.036],[4.787,53],[4.886,53.071]]],[[[3.949,51.739],[3.789,51.746],[3.699,51.73],[3.732,51.678],[3.819,51.694],[3.951,51.627],[4.075,51.649],[4.047,51.685],[3.949,51.739]]]]},"properties":{"iso3":"NLD","name":"Netherlands"}},
{"type":"Feature","geometry":{"type":"MultiPolygon","coordinates":[[[[20.622,69.037],[20.676,69.069],[20.889,69.071],[21.066,69.042],[21.128,69.081],[21.053,69.187],[21.144,69.247],[21.267,69.274],[21.461,69.277],[21.622,69.271],[21.82,69.154],[21.989,69.041],[22.3,68.856],[22.383,68.777],[22.411,68.72],[22.501,68.72],[23.072,68.674],[23.144,68.643],[23.324,68.649],[23.463,68.678],[23.707,68.714],[23.854,68.806],[23.997,68.798],[24.332,68.712],[24.703,68.653],[24.802,68.606],[24.941,68.593],[25.087,68.64],[25.173,68.765],[25.249,68.821],[25.357,68.862],[25.575,68.887],[25.647,68.919],[25.748,68.99],[25.768,69.076],[25.749,69.231],[25.767,69.283],[25.85,69.367],[25.962,69.589],[26.012,69.653],[26.308,69.782],[26.525,69.915],[26.74,69.933],[26.934,69.928],[27.109,69.905],[27.206,69.919],[27.592,70.042],[27.748,70.065],[27.89,70.062],[28.047,69.972],[28.269,69.871],[28.412,69.823],[28.8,69.731],[29.142,69.671],[29.333,69.473],[29.239,69.394],[29.025,69.288],[28.846,69.177],[28.833,69.119],[28.892,69.061],[28.966,69.022],[29.119,69.05],[29.21,69.097],[29.353,69.271],[29.388,69.298],[29.833,69.36],[29.994,69.392],[30.132,69.464],[30.196,69.581],[30.16,69.63],[30.228,69.634],[30.38,69.585],[30.615,69.533],[30.789,69.529],[30.861,69.538],[30.922,69.606],[30.924,69.652],[30.87,69.783],[30.714,69.796],[30.484,69.795],[30.397,69.733],[30.349,69.835],[30.238,69.862],[30.18,69.841],[30.155,69.746],[30.088,69.718],[29.99,69.737],[29.792,69.728],[29.695,69.745],[29.636,69.78],[29.621,69.874],[29.647,69.944],[29.601,69.977],[28.804,70.093],[28.781,70.145],[29.926,70.096],[30.263,70.125],[30.469,70.198],[30.944,70.274],[30.961,70.344],[30.926,70.401],[30.596,70.524],[30.422,70.547],[30.213,70.543],[30.238,70.622],[30.065,70.703],[29.959,70.694],[29.796,70.643],[29.639,70.705],[29.398,70.734],[29.321,70.761],[29.219,70.83],[29.102,70.861],[28.832,70.864],[28.75,70.842],[28.609,70.76],[28.485,70.619],[28.437,70.501],[28.31,70.443],[28.193,70.249],[28.166,70.288],[28.203,70.577],[28.272,70.668],[28.216,70.704],[27.999,70.664],[27.898,70.678],[27.951,70.718],[28.272,70.798],[28.383,70.869],[28.392,70.975],[28.142,71.043],[27.815,71.059],[27.597,71.091],[27.332,70.997],[27.235,70.947],[27.269,70.91],[27.556,70.827],[27.546,70.804],[27.309,70.804],[27.184,70.744],[27.147,70.681],[26.989,70.511],[26.666,70.422],[26.584,70.454],[26.628,70.551],[26.645,70.636],[26.558,70.669],[26.675,70.741],[26.734,70.854],[26.661,70.94],[26.507,70.913],[26.231,70.783],[25.988,70.625],[25.471,70.341],[25.419,70.235],[25.212,70.136],[25.044,70.109],[24.983,70.144],[24.994,70.218],[25.146,70.324],[25.209,70.489],[25.274,70.552],[25.468,70.672],[25.666,70.777],[25.781,70.817],[25.768,70.853],[25.57,70.901],[25.436,70.912],[25.325,70.849],[25.265,70.844],[25.042,70.929],[24.832,70.978],[24.765,71.008],[24.658,71.001],[24.442,70.892],[24.263,70.826],[24.268,70.773],[24.404,70.745],[24.42,70.702],[24.286,70.662],[24.038,70.485],[23.897,70.479],[23.661,70.4],[23.379,70.247],[23.329,70.207],[23.286,70.105],[23.31,70.064],[23.4,70.02],[23.354,69.983],[23.258,69.993],[23.046,70.102],[22.941,70.305],[22.852,70.34],[22.685,70.375],[22.421,70.338],[22.385,70.278],[22.322,70.265],[22.219,70.309],[22.054,70.276],[21.996,70.293],[21.78,70.23],[21.539,70.258],[21.356,70.233],[21.4,70.174],[21.608,70.098],[21.803,70.066],[21.893,70.004],[21.975,69.835],[21.932,69.815],[21.78,69.887],[21.59,69.938],[21.433,70.013],[21.254,70.003],[21.163,69.89],[21.032,69.887],[20.971,69.916],[20.84,69.907],[20.622,69.914],[20.546,69.851],[20.533,69.692],[20.563,69.633],[20.743,69.535],[20.739,69.521],[20.487,69.542],[20.198,69.371],[20.107,69.341],[20.044,69.356],[20.277,69.536],[20.338,69.617],[20.333,69.677],[20.387,69.868],[20.324,69.945],[20.069,69.883],[19.961,69.825],[19.865,69.722],[19.737,69.504],[19.64,69.504],[19.696,69.613],[19.722,69.782],[19.687,69.805],[19.197,69.748],[19.038,69.66],[18.991,69.561],[18.883,69.523],[18.674,69.52],[18.614,69.491],[18.624,69.434],[18.75,69.378],[18.916,69.336],[18.859,69.314],[18.646,69.322],[18.483,69.365],[18.379,69.44],[18.293,69.475],[18.188,69.433],[18.079,69.325],[18.075,69.233],[18.101,69.156],[17.705,69.1],[17.546,69.001],[17.49,68.879],[17.391,68.799],[17.131,68.693],[16.885,68.685],[16.652,68.626],[16.58,68.593],[16.514,68.533],[16.525,68.491],[16.585,68.466],[17.202,68.459],[17.426,68.482],[17.571,68.447],[17.094,68.368],[16.865,68.355],[16.619,68.406],[16.388,68.39],[16.204,68.317],[16.175,68.281],[16.26,68.145],[16.372,68.062],[16.259,68.001],[16.312,67.881],[16.261,67.887],[16.121,68.027],[16.065,68.2],[16.008,68.229],[15.851,68.182],[15.657,68.164],[15.487,68.103],[15.316,68.069],[15.293,68.036],[15.357,68.004],[15.606,67.988],[15.621,67.948],[15.401,67.92],[15.274,67.961],[15.134,67.973],[15.048,67.956],[14.799,67.809],[14.821,67.75],[14.781,67.675],[14.855,67.663],[15.041,67.683],[15.304,67.765],[15.346,67.734],[15.219,67.655],[15.249,67.602],[15.354,67.544],[15.487,67.515],[15.661,67.543],[15.692,67.521],[15.576,67.444],[15.594,67.349],[15.553,67.352],[15.465,67.451],[15.409,67.474],[15.289,67.483],[15.121,67.555],[14.962,67.574],[14.755,67.499],[14.579,67.386],[14.537,67.34],[14.448,67.298],[14.479,67.256],[14.582,67.267],[14.824,67.268],[15.3,67.257],[15.435,67.247],[15.416,67.202],[14.776,67.194],[14.601,67.174],[14.473,67.143],[14.34,67.159],[14.206,67.111],[14.109,67.119],[14.022,67.073],[13.88,66.965],[13.808,66.961],[13.652,66.907],[13.704,66.852],[13.917,66.819],[13.959,66.794],[13.788,66.782],[13.621,66.795],[13.45,66.716],[13.312,66.702],[13.211,66.641],[13.192,66.537],[13.105,66.539],[13.068,66.431],[13.119,66.231],[13.352,66.237],[13.681,66.274],[13.973,66.32],[14.034,66.298],[13.916,66.247],[13.76,66.221],[13.674,66.18],[13.387,66.183],[12.784,66.1],[12.795,66.069],[12.976,66.019],[13.033,65.956],[12.983,65.942],[12.817,65.953],[12.689,65.902],[12.628,65.806],[12.345,65.63],[12.273,65.568],[12.122,65.362],[12.134,65.279],[12.2,65.245],[12.334,65.241],[12.364,65.193],[12.512,65.195],[12.715,65.266],[12.82,65.317],[12.916,65.339],[12.738,65.214],[12.508,65.099],[12.307,65.086],[12.16,65.179],[11.489,64.976],[11.35,64.906],[11.304,64.829],[11.297,64.755],[11.562,64.818],[11.633,64.814],[11.524,64.744],[11.331,64.686],[11.225,64.679],[11.09,64.615],[10.932,64.578],[10.834,64.494],[10.566,64.418],[10.236,64.18],[10.01,64.083],[9.939,63.982],[9.864,63.918],[9.708,63.865],[9.615,63.795],[9.567,63.706],[9.767,63.7],[9.832,63.617],[9.893,63.576],[9.924,63.522],[10.055,63.513],[10.339,63.571],[10.935,63.77],[11.047,63.845],[10.914,63.921],[11.075,63.988],[11.307,64.049],[11.429,64.025],[11.458,64.003],[11.176,63.899],[11.214,63.878],[11.308,63.876],[11.371,63.805],[11.226,63.764],[11.118,63.719],[10.953,63.698],[10.779,63.651],[10.725,63.625],[10.674,63.558],[10.76,63.461],[10.591,63.447],[10.34,63.469],[10.189,63.455],[10.081,63.433],[10.021,63.391],[9.979,63.395],[9.936,63.479],[9.832,63.524],[9.697,63.625],[9.521,63.586],[9.324,63.57],[9.156,63.459],[9.084,63.463],[9.076,63.5],[9.158,63.566],[9.136,63.594],[8.842,63.646],[8.576,63.601],[8.398,63.535],[8.361,63.499],[8.387,63.445],[8.48,63.424],[8.594,63.426],[8.641,63.392],[8.636,63.342],[8.58,63.313],[8.271,63.287],[8.184,63.237],[8.158,63.162],[8.235,63.082],[8.339,63.042],[8.609,62.881],[8.623,62.846],[8.311,62.966],[8.211,62.996],[8.101,63.091],[7.86,63.113],[7.572,63.1],[7.389,63.023],[7.008,62.958],[6.782,62.79],[6.735,62.721],[6.78,62.701],[7.025,62.729],[7.111,62.752],[7.242,62.752],[7.408,62.712],[8.046,62.771],[8.096,62.732],[7.805,62.721],[7.538,62.672],[7.527,62.61],[7.691,62.586],[7.653,62.564],[7.492,62.543],[7.284,62.602],[6.961,62.627],[6.745,62.638],[6.618,62.621],[6.353,62.611],[6.273,62.584],[6.238,62.52],[6.118,62.447],[6.136,62.407],[6.262,62.416],[6.457,62.448],[6.692,62.468],[6.58,62.407],[6.209,62.353],[6.083,62.35],[5.98,62.407],[5.908,62.416],[5.796,62.385],[5.718,62.379],[5.533,62.311],[5.484,62.239],[5.358,62.152],[5.294,62.154],[5.241,62.189],[5.143,62.16],[5.096,62.027],[5.16,61.957],[5.267,61.936],[5.473,61.946],[5.664,61.923],[6.131,61.852],[6.396,61.851],[6.682,61.887],[6.731,61.87],[6.467,61.807],[6.016,61.788],[5.793,61.827],[5.465,61.897],[5.117,61.885],[4.985,61.9],[4.93,61.878],[4.91,61.81],[4.928,61.711],[4.997,61.645],[5.099,61.62],[5.168,61.543],[5.339,61.485],[5.258,61.455],[5.172,61.457],[5.003,61.434],[4.99,61.378],[5.022,61.251],[5.107,61.188],[5.325,61.108],[5.451,61.102],[5.647,61.148],[6.083,61.167],[6.383,61.134],[6.493,61.155],[6.543,61.245],[6.657,61.207],[6.794,61.19],[6.943,61.161],[7.174,61.166],[7.276,61.181],[7.298,61.214],[7.276,61.284],[7.331,61.372],[7.453,61.419],[7.347,61.301],[7.404,61.222],[7.604,61.211],[7.545,61.177],[7.04,61.091],[7.047,61.015],[7.078,60.966],[7.039,60.953],[6.981,60.994],[6.972,61.056],[6.903,61.102],[6.778,61.142],[6.61,61.137],[6.418,61.084],[6.293,61.081],[5.984,61.117],[5.505,61.056],[5.288,61.047],[5.095,61.071],[5.009,61.038],[5.025,60.936],[5.011,60.859],[5.049,60.708],[5.116,60.636],[5.244,60.57],[5.447,60.617],[5.589,60.694],[5.648,60.688],[5.546,60.625],[5.168,60.485],[5.137,60.446],[5.184,60.308],[5.286,60.206],[5.417,60.154],[5.658,60.154],[5.689,60.123],[5.495,60.07],[5.376,60.067],[5.206,60.088],[5.174,60.046],[5.22,59.979],[5.187,59.907],[5.119,59.834],[5.105,59.732],[5.111,59.668],[5.186,59.642],[5.234,59.692],[5.353,59.76],[5.495,59.826],[5.557,59.908],[5.699,60.01],[5.801,60.026],[5.877,60.07],[5.904,60.151],[5.967,60.206],[6.102,60.29],[6.153,60.346],[6.347,60.419],[6.806,60.501],[6.996,60.512],[6.95,60.478],[6.787,60.454],[6.661,60.367],[6.527,60.153],[6.526,60.214],[6.574,60.361],[6.518,60.408],[6.349,60.353],[6.141,60.233],[6.105,60.165],[6.112,60.132],[6.07,60.083],[5.996,60.031],[5.784,59.913],[5.73,59.863],[5.763,59.808],[5.834,59.795],[5.967,59.813],[6.212,59.832],[6.217,59.818],[5.991,59.745],[5.867,59.734],[5.772,59.661],[5.579,59.687],[5.53,59.713],[5.472,59.713],[5.404,59.656],[5.305,59.643],[5.242,59.564],[5.185,59.454],[5.132,59.226],[5.173,59.163],[5.362,59.166],[5.468,59.204],[5.564,59.291],[5.845,59.353],[6.017,59.414],[6.159,59.49],[6.279,59.535],[6.306,59.506],[6.199,59.438],[6.051,59.368],[5.952,59.299],[5.937,59.234],[5.969,59.186],[5.949,59.135],[5.889,59.098],[5.889,59.06],[6.017,58.988],[6.099,58.952],[6.321,59.016],[6.363,59.001],[6.214,58.945],[6.137,58.875],[6.099,58.87],[5.854,58.959],[5.612,59.013],[5.556,58.975],[5.522,58.823],[5.517,58.727],[5.586,58.62],[5.707,58.524],[5.977,58.432],[6.055,58.375],[6.389,58.268],[6.492,58.259],[6.66,58.263],[6.692,58.224],[6.606,58.176],[6.555,58.123],[6.591,58.097],[6.731,58.068],[6.767,58.082],[6.771,58.132],[6.803,58.155],[6.912,58.143],[6.903,58.071],[7.005,58.024],[7.194,58.048],[7.466,58.021],[7.876,58.08],[8.037,58.147],[8.166,58.145],[8.312,58.224],[8.521,58.301],[8.928,58.57],[9.178,58.675],[9.239,58.739],[9.323,58.748],[9.396,58.806],[9.31,58.857],[9.551,58.933],[9.618,58.946],[9.696,59.01],[9.557,59.113],[9.635,59.118],[9.8,59.027],[9.843,58.958],[9.96,58.968],[10.083,59.029],[10.179,59.009],[10.243,59.062],[10.431,59.28],[10.455,59.377],[10.446,59.444],[10.407,59.456],[10.398,59.519],[10.494,59.542],[10.57,59.587],[10.534,59.696],[10.595,59.765],[10.604,59.68],[10.634,59.602],[10.631,59.428],[10.645,59.389],[10.743,59.296],[10.834,59.184],[10.999,59.164],[11.366,59.105],[11.388,59.037],[11.471,58.91],[11.544,58.893],[11.643,58.926],[11.712,59.019],[11.798,59.29],[11.743,59.431],[11.685,59.556],[11.681,59.592],[11.834,59.697],[11.932,59.864],[11.988,59.891],[12.169,59.913],[12.292,59.967],[12.486,60.107],[12.515,60.239],[12.516,60.305],[12.553,60.354],[12.589,60.451],[12.554,60.546],[12.445,60.69],[12.315,60.892],[12.294,61.003],[12.468,61.042],[12.683,61.047],[12.776,61.174],[12.828,61.222],[12.881,61.352],[12.758,61.446],[12.596,61.541],[12.487,61.573],[12.292,61.653],[12.155,61.721],[12.292,62.167],[12.304,62.286],[12.115,62.592],[12.14,62.721],[12.109,62.919],[12.218,63.001],[12.139,63.089],[12,63.292],[12.212,63.492],[12.175,63.596],[12.302,63.671],[12.663,63.94],[12.793,64],[12.988,64.05],[13.204,64.075],[13.3,64.075],[13.961,64.014],[14.003,64.041],[14.141,64.174],[14.148,64.26],[14.12,64.388],[14.078,64.464],[13.874,64.514],[13.65,64.582],[14.115,64.946],[14.352,65.171],[14.426,65.264],[14.48,65.301],[14.55,65.646],[14.635,65.793],[14.635,65.845],[14.543,66.129],[14.918,66.154],[15.153,66.191],[15.375,66.252],[15.484,66.306],[15.423,66.49],[15.557,66.552],[15.884,66.769],[16.238,66.976],[16.404,67.055],[16.434,67.155],[16.361,67.252],[16.127,67.426],[16.194,67.505],[16.457,67.552],[16.586,67.628],[16.784,67.895],[17.171,68.03],[17.325,68.104],[17.917,67.965],[18.125,68.133],[18.177,68.201],[18.156,68.317],[18.147,68.468],[18.163,68.528],[18.379,68.562],[18.77,68.5],[19.053,68.493],[19.259,68.465],[19.87,68.362],[19.97,68.356],[20.24,68.478],[19.969,68.542],[20.147,68.607],[20.24,68.673],[20.319,68.754],[20.348,68.849],[20.337,68.9],[20.117,69.021],[20.622,69.037]]],[[[5.086,60.308],[5.05,60.389],[4.991,60.452],[4.93,60.412],[4.951,60.341],[4.944,60.272],[4.997,60.198],[5.089,60.189],[5.086,60.308]]],[[[29.956,69.797],[30.055,69.838],[29.914,69.902],[29.836,69.906],[29.744,69.792],[29.766,69.768],[29.956,69.797]]],[[[8.471,63.667],[8.787,63.703],[8.809,63.771],[8.709,63.774],[8.451,63.732],[8.287,63.687],[8.356,63.665],[8.471,63.667]]],[[[8.103,63.338],[8.141,63.366],[8.136,63.431],[8.074,63.471],[7.938,63.45],[7.804,63.414],[7.815,63.385],[7.888,63.352],[8.005,63.337],[8.103,63.338]]],[[[23.441,70.816],[23.396,70.843],[23.28,70.813],[23.205,70.815],[22.964,70.711],[22.858,70.728],[22.571,70.697],[22.421,70.703],[22.35,70.658],[21.995,70.657],[22.169,70.562],[22.359,70.515],[22.558,70.516],[22.656,70.559],[22.829,70.542],[22.929,70.574],[23.068,70.594],[23.305,70.722],[23.387,70.754],[23.441,70.816]]],[[[25.586,71.142],[25.423,71.097],[25.315,71.034],[25.482,71.02],[25.582,70.961],[25.76,70.954],[26,70.975],[26.134,70.996],[25.945,71.105],[25.854,71.104],[25.586,71.142]]],[[[23.615,70.549],[23.547,70.617],[23.248,70.505],[23.158,70.516],[23.022,70.487],[22.941,70.445],[22.918,70.385],[23.006,70.353],[23.108,70.359],[23.1,70.296],[23.159,70.283],[23.345,70.315],[23.333,70.335],[23.548,70.408],[23.641,70.464],[23.615,70.549]]],[[[24.018,70.567],[24.078,70.651],[23.956,70.7],[23.852,70.714],[23.778,70.747],[23.689,70.723],[23.663,70.675],[23.67,70.597],[23.717,70.562],[23.827,70.527],[24.018,70.567]]],[[[13.873,68.265],[13.688,68.273],[13.538,68.249],[13.429,68.163],[13.3,68.16],[13.2,68.087],[13.229,67.995],[13.392,68.021],[13.424,68.083],[13.495,68.052],[13.584,68.094],[13.778,68.105],[13.888,68.169],[14.029,68.188],[14.097,68.219],[14.088,68.253],[13.932,68.248],[13.873,68.265]]],[[[12.972,67.874],[13.098,67.956],[13.123,68.049],[13.068,68.071],[12.958,68.015],[12.878,67.918],[12.824,67.821],[12.972,67.874]]],[[[15.207,68.943],[15.176,68.982],[15.038,69.001],[15.038,68.894],[14.872,68.914],[14.802,68.791],[14.69,68.815],[14.554,68.819],[14.497,68.772],[14.373,68.711],[14.405,68.663],[14.521,68.633],[14.612,68.638],[14.743,68.677],[14.89,68.611],[15.027,68.606],[15.222,68.616],[15.348,68.672],[15.397,68.784],[15.207,68.943]]],[[[19.767,70.217],[19.684,70.274],[19.599,70.266],[19.613,70.219],[19.711,70.165],[19.781,70.077],[20.006,70.076],[20.088,70.102],[20.084,70.129],[19.994,70.149],[19.91,70.202],[19.767,70.217]]],[[[20.779,70.09],[20.819,70.205],[20.655,70.231],[20.493,70.203],[20.412,70.155],[20.405,70.119],[20.464,70.077],[20.535,70.081],[20.643,70.057],[20.779,70.09]]],[[[19.255,70.066],[19.249,70.179],[19.213,70.247],[19.133,70.244],[19.06,70.167],[19.075,70.086],[19.051,70.038],[18.969,70.043],[18.883,70.011],[18.824,69.96],[18.687,69.891],[18.698,69.825],[18.584,69.807],[18.512,69.769],[18.349,69.768],[18.315,69.715],[18.232,69.677],[18.227,69.636],[18.083,69.626],[18.062,69.602],[18.13,69.558],[18.274,69.535],[18.41,69.553],[18.785,69.579],[18.807,69.64],[19.008,69.76],[19.131,69.81],[19.197,69.8],[19.335,69.82],[19.442,69.908],[19.592,69.97],[19.608,70.019],[19.5,70.048],[19.344,70.012],[19.255,70.066]]],[[[12.51,65.902],[12.719,65.964],[12.747,66.011],[12.549,66.002],[12.43,65.94],[12.429,65.899],[12.51,65.902]]],[[[12.42,66.043],[12.576,66.072],[12.623,66.122],[12.621,66.178],[12.527,66.211],[12.461,66.185],[12.418,66.123],[12.343,66.081],[12.327,66.037],[12.42,66.043]]],[[[11.231,64.866],[11.246,64.908],[11.133,64.976],[11.021,64.979],[10.813,64.923],[10.74,64.87],[10.833,64.843],[11.063,64.86],[11.179,64.838],[11.231,64.866]]],[[[17.503,69.596],[17.454,69.53],[17.356,69.527],[17.252,69.504],[17.23,69.478],[17.373,69.439],[17.361,69.381],[17.083,69.399],[17.002,69.362],[16.974,69.285],[16.998,69.191],[16.972,69.138],[16.843,69.112],[16.81,69.071],[16.96,69.069],[17.161,69.026],[17.324,69.13],[17.488,69.197],[17.568,69.16],[17.774,69.172],[17.951,69.198],[17.921,69.274],[17.942,69.329],[18.021,69.35],[18.077,69.396],[18.004,69.505],[17.927,69.507],[17.784,69.563],[17.623,69.539],[17.503,69.596]]],[[[15.76,68.561],[15.791,68.617],[15.928,68.733],[15.906,68.908],[15.834,68.961],[15.812,69.024],[15.993,69.113],[16.115,69.216],[16.129,69.274],[16.048,69.302],[15.893,69.278],[15.742,69.171],[15.65,69.133],[15.483,69.043],[15.438,68.979],[15.444,68.919],[15.529,68.912],[15.564,68.874],[15.489,68.805],[15.413,68.616],[15.095,68.441],[14.586,68.4],[14.438,68.342],[14.257,68.257],[14.258,68.191],[14.35,68.178],[14.629,68.198],[14.927,68.307],[15.038,68.283],[15.188,68.31],[15.28,68.374],[15.341,68.325],[15.438,68.313],[15.683,68.356],[15.764,68.409],[15.913,68.389],[15.975,68.402],[16.048,68.464],[16.194,68.538],[16.338,68.568],[16.519,68.633],[16.547,68.717],[16.48,68.803],[16.329,68.876],[16.151,68.842],[16.121,68.799],[16.127,68.746],[16.06,68.681],[15.909,68.65],[15.76,68.561]]],[[[-8.954,70.839],[-8.635,70.94],[-8.302,70.981],[-8.002,71.041],[-7.979,71.117],[-8.001,71.178],[-8.344,71.14],[-8.521,71.031],[-8.965,70.916],[-9.099,70.855],[-8.954,70.839]]],[[[19.219,74.391],[19.275,74.457],[19.183,74.518],[18.861,74.514],[18.797,74.486],[18.918,74.411],[19.099,74.352],[19.219,74.391]]]]},"properties":{"iso3":"NOR","name":"Norway"}},
{"type":"Feature","geometry":{"type":"Polygon","coordinates":[[[63.232,27],[65,27],[65,29.556],[64.919,29.553],[64.827,29.564],[64.704,29.567],[64.521,29.565],[64.394,29.544],[64.266,29.507],[64.172,29.46],[64.099,29.392],[63.971,29.43],[63.568,29.498],[62.477,29.408],[62.373,29.425],[62.001,29.53],[61.521,29.666],[61.224,29.749],[60.843,29.859],[61.318,29.373],[61.339,29.332],[61.338,29.265],[61.509,29.006],[61.569,28.871],[61.623,28.792],[61.89,28.547],[62.033,28.491],[62.131,28.479],[62.353,28.415],[62.434,28.364],[62.565,28.235],[62.718,28.253],[62.758,28.244],[62.763,28.202],[62.74,28.002],[62.782,27.801],[62.812,27.497],[62.801,27.445],[62.764,27.357],[62.763,27.25],[62.812,27.229],[62.915,27.218],[63.167,27.252],[63.256,27.208],[63.302,27.151],[63.305,27.125],[63.242,27.078],[63.232,27]]]},"properties":{"iso3":"PAK","name":"Pakistan"}},
{"type":"Feature","geometry":{"type":"MultiPolygon","coordinates":[[[[-8.777,41.941],[-8.878,41.832],[-8.888,41.765],[-8.846,41.705],[-8.755,41.698],[-8.811,41.652],[-8.806,41.56],[-8.738,41.285],[-8.675,41.154],[-8.656,41.029],[-8.674,40.917],[-8.685,40.753],[-8.732,40.651],[-8.772,40.606],[-8.873,40.259],[-8.887,40.179],[-8.851,40.152],[-8.838,40.116],[-9.004,39.821],[-9.148,39.543],[-9.251,39.426],[-9.32,39.391],[-9.375,39.338],[-9.353,39.248],[-9.414,39.112],[-9.431,38.96],[-9.475,38.853],[-9.474,38.731],[-9.357,38.698],[-9.252,38.713],[-9.136,38.743],[-9.091,38.835],[-8.954,39.016],[-8.867,39.066],[-8.792,39.078],[-8.938,38.998],[-9,38.903],[-8.977,38.803],[-9.021,38.747],[-9.093,38.697],[-9.178,38.688],[-9.25,38.657],[-9.203,38.539],[-9.213,38.448],[-9.187,38.438],[-9.096,38.455],[-8.915,38.512],[-8.799,38.518],[-8.734,38.482],[-8.668,38.424],[-8.881,38.447],[-8.811,38.3],[-8.802,38.184],[-8.879,37.959],[-8.823,37.872],[-8.792,37.733],[-8.819,37.592],[-8.814,37.431],[-8.926,37.166],[-8.998,37.032],[-8.935,37.016],[-8.848,37.076],[-8.739,37.075],[-8.598,37.121],[-8.484,37.1],[-8.137,37.077],[-7.94,37.005],[-7.834,37.006],[-7.494,37.168],[-7.406,37.179],[-7.467,37.428],[-7.496,37.524],[-7.504,37.585],[-7.444,37.728],[-7.379,37.786],[-7.292,37.906],[-7.185,38.006],[-7.023,38.045],[-6.981,38.122],[-6.958,38.188],[-6.975,38.194],[-7.106,38.181],[-7.343,38.457],[-7.336,38.501],[-7.306,38.567],[-7.286,38.649],[-7.282,38.715],[-7.22,38.771],[-7.125,38.827],[-7.046,38.907],[-7.006,38.985],[-6.998,39.056],[-7.043,39.107],[-7.172,39.135],[-7.306,39.338],[-7.335,39.465],[-7.445,39.536],[-7.536,39.662],[-7.454,39.681],[-7.118,39.682],[-7.037,39.714],[-6.975,39.798],[-6.911,39.937],[-6.896,40.022],[-6.916,40.057],[-7.028,40.143],[-7.015,40.208],[-6.859,40.301],[-6.81,40.343],[-6.848,40.411],[-6.836,40.483],[-6.83,40.619],[-6.818,40.654],[-6.836,40.777],[-6.858,40.878],[-6.928,41.009],[-6.883,41.062],[-6.776,41.108],[-6.69,41.215],[-6.566,41.304],[-6.403,41.375],[-6.289,41.455],[-6.244,41.516],[-6.212,41.532],[-6.243,41.602],[-6.308,41.642],[-6.392,41.665],[-6.542,41.673],[-6.559,41.704],[-6.553,41.79],[-6.558,41.874],[-6.575,41.913],[-6.618,41.942],[-6.704,41.935],[-6.777,41.958],[-6.833,41.964],[-6.866,41.945],[-7.03,41.951],[-7.147,41.981],[-7.195,41.955],[-7.21,41.895],[-7.269,41.864],[-7.404,41.834],[-7.513,41.836],[-7.613,41.858],[-7.693,41.888],[-7.896,41.871],[-7.921,41.884],[-8.094,41.814],[-8.152,41.812],[-8.225,41.896],[-8.213,41.927],[-8.13,42.018],[-8.213,42.134],[-8.266,42.137],[-8.323,42.115],[-8.538,42.069],[-8.683,42.008],[-8.777,41.941]]],[[[-17.191,32.869],[-17.241,32.807],[-17.226,32.767],[-17.171,32.722],[-17.018,32.663],[-16.837,32.648],[-16.765,32.71],[-16.693,32.758],[-16.774,32.774],[-16.929,32.841],[-17.054,32.816],[-17.191,32.869]]],[[[-27.075,38.643],[-27.042,38.679],[-27.042,38.741],[-27.127,38.79],[-27.26,38.803],[-27.351,38.789],[-27.386,38.766],[-27.362,38.698],[-27.303,38.661],[-27.095,38.634],[-27.075,38.643]]],[[[-27.778,38.556],[-27.963,38.636],[-28.311,38.744],[-28.187,38.655],[-28.092,38.621],[-27.826,38.544],[-27.778,38.556]]],[[[-28.641,38.525],[-28.606,38.551],[-28.624,38.586],[-28.698,38.638],[-28.842,38.598],[-28.744,38.522],[-28.641,38.525]]],[[[-28.147,38.453],[-28.402,38.553],[-28.51,38.553],[-28.549,38.519],[-28.531,38.463],[-28.454,38.409],[-28.332,38.413],[-28.231,38.385],[-28.19,38.404],[-28.065,38.413],[-28.147,38.453]]],[[[-25.649,37.841],[-25.784,37.911],[-25.846,37.894],[-25.834,37.826],[-25.734,37.763],[-25.439,37.715],[-25.251,37.735],[-25.191,37.764],[-25.182,37.838],[-25.267,37.849],[-25.585,37.834],[-25.649,37.841]]]]},"properties":{"iso3":"PRT","name":"Portugal"}},
{"type":"Feature","geometry":{"type":"MultiPolygon","coordinates":[[[[35.551,32.396],[35.484,32.402],[35.403,32.451],[35.362,32.507],[35.193,32.534],[35.065,32.46],[35.011,32.338],[35,32.281],[34.956,32.161],[34.971,32.087],[34.99,31.913],[34.978,31.866],[34.954,31.841],[34.983,31.817],[35.053,31.838],[35.127,31.817],[35.198,31.776],[35.204,31.75],[35.153,31.734],[35.035,31.673],[34.951,31.602],[34.873,31.397],[34.908,31.351],[35.101,31.366],[35.277,31.423],[35.409,31.483],[35.451,31.479],[35.465,31.562],[35.499,31.672],[35.559,31.766],[35.531,31.985],[35.535,32.103],[35.572,32.238],[35.551,32.396]]],[[[34.477,31.585],[34.387,31.484],[34.198,31.323],[34.245,31.208],[34.348,31.293],[34.35,31.363],[34.526,31.526],[34.477,31.585]]]]},"properties":{"iso3":"PSX","name":"Palestine"}},
{"type":"Feature","geometry":{"type":"Polygon","coordinates":[[[28.213,45.45],[28.112,45.569],[28.075,45.599],[28.16,45.647],[28.156,45.713],[28.116,45.826],[28.1,45.973],[28.119,46.139],[28.2,46.348],[28.244,46.451],[28.223,46.508],[28.239,46.641],[28.15,46.792],[28.072,46.978],[27.854,47.115],[27.802,47.168],[27.768,47.228],[27.614,47.341],[27.516,47.476],[27.449,47.553],[27.337,47.64],[27.278,47.718],[27.231,47.842],[27.152,47.959],[27.08,48.048],[27.012,48.11],[26.981,48.155],[26.901,48.211],[26.787,48.256],[26.714,48.263],[26.619,48.26],[26.306,48.204],[26.277,48.113],[26.163,47.993],[25.909,47.968],[25.689,47.932],[25.464,47.911],[25.17,47.823],[25.074,47.746],[24.979,47.724],[24.893,47.718],[24.838,47.761],[24.651,47.877],[24.579,47.931],[24.484,47.947],[24.381,47.938],[24.282,47.911],[24.178,47.906],[24.06,47.945],[24.002,47.936],[23.629,47.996],[23.408,47.99],[23.203,48.085],[23.139,48.087],[23.055,48.007],[22.877,47.947],[22.852,47.923],[22.677,47.799],[22.608,47.766],[22.563,47.76],[22.491,47.773],[22.417,47.763],[22.351,47.736],[22.291,47.728],[22.245,47.696],[22.185,47.629],[22.112,47.572],[22.038,47.537],[22,47.505],[21.995,47.396],[21.869,47.305],[21.785,47.138],[21.661,47.044],[21.653,46.964],[21.584,46.878],[21.494,46.79],[21.477,46.753],[21.497,46.704],[21.411,46.648],[21.32,46.608],[21.252,46.486],[21.265,46.412],[21.192,46.392],[21.152,46.304],[21.04,46.242],[20.837,46.26],[20.76,46.246],[20.733,46.194],[20.661,46.146],[20.614,46.133],[20.508,46.167],[20.281,46.133],[20.242,46.109],[20.301,46.051],[20.359,45.975],[20.533,45.9],[20.581,45.869],[20.653,45.779],[20.709,45.735],[20.775,45.75],[20.779,45.662],[20.766,45.597],[20.786,45.536],[20.774,45.484],[20.871,45.428],[20.942,45.365],[21.024,45.322],[21.1,45.294],[21.148,45.292],[21.226,45.241],[21.431,45.193],[21.49,45.148],[21.492,45.122],[21.434,45.075],[21.421,45.033],[21.371,45.021],[21.357,44.991],[21.41,44.958],[21.533,44.919],[21.52,44.881],[21.384,44.87],[21.36,44.827],[21.523,44.79],[21.597,44.755],[21.636,44.71],[21.74,44.681],[21.909,44.666],[22.027,44.62],[22.093,44.542],[22.201,44.561],[22.351,44.676],[22.498,44.706],[22.642,44.651],[22.721,44.606],[22.734,44.57],[22.701,44.556],[22.62,44.562],[22.554,44.54],[22.502,44.49],[22.495,44.435],[22.531,44.378],[22.582,44.338],[22.648,44.316],[22.683,44.286],[22.705,44.238],[22.775,44.195],[22.945,44.127],[23.029,44.078],[23.024,44.047],[22.985,44.017],[22.911,43.987],[22.868,43.948],[22.856,43.899],[22.868,43.865],[22.919,43.834],[23.225,43.874],[23.535,43.854],[23.951,43.787],[24.227,43.763],[24.431,43.794],[25.16,43.686],[25.497,43.671],[25.686,43.712],[25.819,43.767],[25.933,43.871],[26.216,44.007],[26.489,44.084],[26.848,44.146],[27.087,44.167],[27.121,44.146],[27.425,44.021],[27.561,44.02],[27.671,43.998],[27.739,43.956],[27.884,43.987],[28.05,43.822],[28.222,43.773],[28.423,43.74],[28.585,43.742],[28.591,43.797],[28.659,43.984],[28.645,44.296],[28.699,44.374],[28.852,44.506],[28.888,44.575],[28.807,44.565],[28.814,44.602],[28.846,44.637],[28.849,44.716],[28.926,44.81],[28.892,44.919],[28.931,44.966],[28.981,44.993],[29.095,44.975],[29.048,44.926],[29.081,44.799],[29.048,44.758],[29.558,44.843],[29.605,44.915],[29.635,44.98],[29.706,45.26],[29.652,45.314],[29.568,45.371],[29.404,45.42],[29.224,45.403],[29.027,45.321],[28.894,45.29],[28.824,45.311],[28.767,45.286],[28.791,45.252],[28.761,45.234],[28.451,45.292],[28.318,45.347],[28.213,45.45]]]},"properties":{"iso3":"ROU","name":"Romania"}},
{"type":"Feature","geometry":{"type":"MultiPolygon","coordinates":[[[[-8.683,27.656],[-8.818,27.656],[-8.814,27.614],[-8.785,27.531],[-8.774,27.461],[-8.803,27.361],[-8.797,27.308],[-8.754,27.191],[-8.754,27.151],[-8.795,27.121],[-9.002,27.09],[-9.084,27.09],[-9.208,27.1],[-9.353,27.098],[-9.413,27.088],[-9.487,27.05],[-9.557,27],[-8.683,27],[-8.683,27.286],[-8.683,27.656]]],[[[-10.955,27],[-10.648,27],[-10.758,27.02],[-10.83,27.01],[-10.923,27.01],[-10.955,27]]]]},"properties":{"iso3":"SAH","name":"W. Sahara"}},
{"type":"Feature","geometry":{"type":"Polygon","coordinates":[[[35.919,27],[49.676,27],[49.538,27.152],[49.405,27.181],[49.282,27.31],[49.175,27.438],[49.238,27.493],[49.158,27.528],[49.087,27.549],[48.906,27.629],[48.797,27.724],[48.833,27.801],[48.809,27.896],[48.774,27.959],[48.626,28.133],[48.523,28.355],[48.499,28.449],[48.442,28.543],[48.05,28.538],[47.671,28.533],[47.583,28.628],[47.521,28.838],[47.433,28.99],[46.982,29.046],[46.531,29.096],[46.356,29.064],[45.95,29.096],[45.499,29.132],[45.05,29.167],[44.717,29.194],[44.691,29.202],[44.361,29.435],[44.1,29.619],[43.774,29.849],[43.441,30.084],[43.103,30.322],[42.858,30.495],[42.56,30.718],[42.074,31.08],[41.585,31.33],[41.272,31.489],[40.808,31.725],[40.479,31.893],[40.369,31.939],[40.028,31.995],[39.704,32.043],[39.145,32.125],[38.997,32.007],[38.962,31.995],[38.375,31.847],[37.774,31.696],[37.493,31.626],[36.959,31.492],[37.479,31.008],[37.655,30.829],[37.98,30.5],[37.67,30.348],[37.634,30.313],[37.491,30.012],[37.469,29.995],[36.755,29.866],[36.704,29.832],[36.476,29.495],[36.068,29.201],[36.015,29.19],[35.595,29.255],[34.951,29.354],[34.799,28.721],[34.78,28.507],[34.683,28.264],[34.616,28.148],[34.625,28.065],[34.722,28.131],[34.828,28.109],[35.078,28.087],[35.18,28.035],[35.424,27.734],[35.581,27.432],[35.763,27.259],[35.852,27.07],[35.919,27]]]},"properties":{"iso3":"SAU","name":"Saudi Arabia"}},
{"type":"Feature","geometry":{"type":"Polygon","coordinates":[[[12.485,43.901],[12.515,43.953],[12.504,43.99],[12.441,43.982],[12.397,43.935],[12.426,43.894],[12.485,43.901]]]},"properties":{"iso3":"SMR","name":"San Marino"}},
{"type":"Feature","geometry":{"type":"Polygon","coordinates":[[[22.705,44.238],[22.683,44.286],[22.648,44.316],[22.582,44.338],[22.531,44.378],[22.495,44.435],[22.502,44.49],[22.554,44.54],[22.62,44.562],[22.701,44.556],[22.734,44.57],[22.721,44.606],[22.642,44.651],[22.498,44.706],[22.351,44.676],[22.201,44.561],[22.093,44.542],[22.027,44.62],[21.909,44.666],[21.74,44.681],[21.636,44.71],[21.597,44.755],[21.523,44.79],[21.36,44.827],[21.384,44.87],[21.52,44.881],[21.533,44.919],[21.41,44.958],[21.357,44.991],[21.371,45.021],[21.421,45.033],[21.434,45.075],[21.492,45.122],[21.49,45.148],[21.431,45.193],[21.226,45.241],[21.148,45.292],[21.1,45.294],[21.024,45.322],[20.942,45.365],[20.871,45.428],[20.774,45.484],[20.786,45.536],[20.766,45.597],[20.779,45.662],[20.775,45.75],[20.709,45.735],[20.653,45.779],[20.581,45.869],[20.533,45.9],[20.359,45.975],[20.301,46.051],[20.242,46.109],[20.161,46.142],[19.934,46.161],[19.844,46.146],[19.725,46.152],[19.613,46.169],[19.531,46.155],[19.458,46.087],[19.393,46.05],[19.278,46.003],[19.208,45.984],[19.146,45.987],[19.087,46.016],[19.016,45.96],[18.905,45.932],[18.894,45.866],[18.839,45.836],[18.895,45.767],[18.947,45.656],[18.918,45.601],[18.954,45.558],[19.055,45.527],[19.008,45.466],[19.005,45.4],[19.093,45.337],[19.273,45.278],[19.33,45.268],[19.4,45.213],[19.388,45.173],[19.206,45.168],[19.137,45.196],[19.13,45.152],[19.063,45.137],[19.1,44.974],[19.085,44.927],[19.01,44.919],[19.007,44.869],[19.132,44.9],[19.237,44.914],[19.313,44.897],[19.357,44.859],[19.334,44.781],[19.292,44.697],[19.151,44.527],[19.132,44.484],[19.118,44.36],[19.152,44.303],[19.232,44.281],[19.339,44.226],[19.584,44.043],[19.584,44.011],[19.55,43.987],[19.449,43.978],[19.305,43.993],[19.245,43.965],[19.257,43.943],[19.364,43.845],[19.488,43.704],[19.495,43.643],[19.451,43.562],[19.4,43.568],[19.36,43.593],[19.254,43.584],[19.194,43.533],[19.196,43.485],[19.219,43.45],[19.298,43.414],[19.415,43.343],[19.552,43.212],[19.614,43.173],[19.671,43.164],[19.781,43.11],[19.944,43.082],[20.168,42.969],[20.268,42.935],[20.34,42.893],[20.344,42.828],[20.469,42.858],[20.487,42.879],[20.458,42.925],[20.475,42.953],[20.624,43.034],[20.658,43.1],[20.61,43.178],[20.623,43.199],[20.763,43.259],[20.824,43.238],[20.844,43.173],[20.968,43.116],[21.057,43.092],[21.127,43.043],[21.223,42.956],[21.237,42.913],[21.403,42.832],[21.391,42.751],[21.663,42.681],[21.753,42.67],[21.731,42.595],[21.619,42.423],[21.61,42.387],[21.53,42.35],[21.519,42.328],[21.563,42.248],[21.618,42.242],[21.739,42.268],[21.815,42.303],[21.904,42.322],[21.978,42.32],[22.052,42.305],[22.147,42.325],[22.24,42.358],[22.344,42.314],[22.422,42.329],[22.524,42.441],[22.524,42.504],[22.472,42.543],[22.436,42.629],[22.463,42.709],[22.466,42.751],[22.439,42.792],[22.467,42.842],[22.558,42.878],[22.706,42.884],[22.8,42.986],[22.857,43.018],[22.942,43.097],[22.977,43.188],[22.86,43.252],[22.768,43.354],[22.555,43.454],[22.499,43.519],[22.474,43.602],[22.436,43.665],[22.395,43.707],[22.37,43.781],[22.365,43.862],[22.399,43.97],[22.421,44.007],[22.469,44.018],[22.597,44.075],[22.603,44.149],[22.627,44.194],[22.705,44.238]]]},"properties":{"iso3":"SRB","name":"Serbia"}},
{"type":"Feature","geometry":{"type":"Polygon","coordinates":[[[22.132,48.405],[22.143,48.569],[22.295,48.686],[22.333,48.745],[22.389,48.873],[22.432,48.934],[22.524,49.031],[22.539,49.073],[22.473,49.081],[22.203,49.153],[22.02,49.21],[21.968,49.299],[21.89,49.343],[21.712,49.382],[21.64,49.412],[21.35,49.429],[21.225,49.429],[21.079,49.418],[21.001,49.34],[20.947,49.317],[20.868,49.315],[20.8,49.329],[20.729,49.37],[20.616,49.392],[20.535,49.381],[20.423,49.392],[20.363,49.385],[20.164,49.316],[20.108,49.271],[20.058,49.181],[19.916,49.221],[19.802,49.192],[19.757,49.204],[19.788,49.27],[19.774,49.372],[19.664,49.396],[19.593,49.447],[19.535,49.505],[19.48,49.576],[19.442,49.598],[19.302,49.525],[19.25,49.511],[19.149,49.4],[18.968,49.396],[18.938,49.498],[18.832,49.511],[18.75,49.494],[18.596,49.491],[18.535,49.465],[18.416,49.391],[18.365,49.336],[18.161,49.257],[18.11,49.18],[18.086,49.065],[18.051,49.037],[17.941,49.012],[17.831,48.929],[17.758,48.888],[17.625,48.842],[17.483,48.828],[17.297,48.843],[17.188,48.861],[17.136,48.841],[17.063,48.781],[16.985,48.677],[16.953,48.599],[16.943,48.551],[16.863,48.441],[16.865,48.387],[16.973,48.198],[17.068,48.083],[17.086,48.04],[17.147,48.006],[17.277,48.004],[17.317,47.991],[17.481,47.888],[17.635,47.81],[17.762,47.77],[18.146,47.763],[18.724,47.787],[18.778,47.853],[18.748,47.893],[18.75,47.939],[18.792,48],[18.914,48.051],[19.265,48.073],[19.467,48.111],[19.497,48.162],[19.564,48.213],[19.625,48.223],[19.709,48.2],[19.81,48.155],[19.899,48.131],[19.95,48.147],[20.129,48.222],[20.334,48.296],[20.475,48.495],[20.49,48.527],[20.643,48.55],[20.867,48.546],[21.067,48.506],[21.196,48.511],[21.382,48.553],[21.451,48.552],[21.563,48.496],[21.633,48.419],[21.721,48.347],[21.767,48.338],[22.111,48.393],[22.132,48.405]]]},"properties":{"iso3":"SVK","name":"Slovakia"}},
{"type":"Feature","geometry":{"type":"Polygon","coordinates":[[[16.516,46.5],[16.506,46.522],[16.381,46.639],[16.385,46.681],[16.335,46.722],[16.308,46.828],[16.284,46.857],[16.093,46.863],[16.037,46.845],[15.977,46.801],[15.98,46.706],[15.958,46.678],[15.767,46.711],[15.633,46.698],[15.545,46.655],[15.439,46.63],[15.217,46.643],[15.001,46.626],[14.893,46.606],[14.841,46.58],[14.757,46.499],[14.597,46.436],[14.55,46.4],[14.504,46.417],[14.267,46.441],[14.1,46.462],[14.02,46.482],[13.831,46.511],[13.7,46.52],[13.68,46.463],[13.563,46.415],[13.4,46.318],[13.378,46.262],[13.4,46.225],[13.492,46.217],[13.633,46.177],[13.617,46.133],[13.486,46.04],[13.48,46.009],[13.509,45.974],[13.601,45.98],[13.614,45.962],[13.57,45.834],[13.583,45.812],[13.663,45.792],[13.722,45.761],[13.831,45.68],[13.875,45.615],[13.845,45.593],[13.776,45.582],[13.72,45.588],[13.637,45.536],[13.578,45.517],[13.615,45.477],[13.879,45.428],[13.936,45.45],[13.993,45.509],[14.086,45.478],[14.161,45.485],[14.37,45.481],[14.427,45.506],[14.505,45.595],[14.534,45.645],[14.592,45.651],[14.609,45.61],[14.734,45.508],[14.793,45.478],[14.847,45.467],[14.9,45.493],[14.955,45.5],[15.11,45.451],[15.242,45.441],[15.339,45.467],[15.291,45.542],[15.29,45.613],[15.354,45.66],[15.273,45.718],[15.277,45.733],[15.454,45.798],[15.625,45.834],[15.668,45.904],[15.676,45.984],[15.666,46.048],[15.597,46.109],[15.593,46.14],[15.636,46.201],[15.784,46.234],[15.933,46.278],[16.001,46.305],[16.067,46.371],[16.106,46.382],[16.227,46.373],[16.253,46.389],[16.237,46.484],[16.321,46.535],[16.428,46.524],[16.516,46.5]]]},"properties":{"iso3":"SVN","name":"Slovenia"}},
{"type":"Feature","geometry":{"type":"MultiPolygon","coordinates":[[[[19.076,57.836],[18.956,57.9],[18.901,57.915],[18.841,57.9],[18.805,57.833],[18.722,57.864],[18.537,57.831],[18.405,57.757],[18.283,57.655],[18.137,57.557],[18.129,57.449],[18.152,57.339],[18.105,57.272],[18.164,57.212],[18.21,57.133],[18.285,57.083],[18.207,57.01],[18.146,56.921],[18.249,56.932],[18.34,56.978],[18.387,57.088],[18.477,57.163],[18.538,57.197],[18.7,57.243],[18.743,57.324],[18.785,57.361],[18.908,57.398],[18.791,57.483],[18.814,57.706],[18.945,57.742],[18.994,57.812],[19.076,57.836]]],[[[16.529,56.291],[16.778,56.805],[16.838,56.841],[16.884,56.985],[17.054,57.208],[17.05,57.28],[17.118,57.32],[17.025,57.345],[16.902,57.175],[16.865,57.091],[16.728,56.902],[16.63,56.877],[16.412,56.569],[16.394,56.484],[16.401,56.311],[16.432,56.244],[16.477,56.24],[16.529,56.291]]],[[[11.388,59.037],[11.295,59.087],[11.196,59.078],[11.147,58.989],[11.169,58.923],[11.208,58.866],[11.224,58.68],[11.272,58.476],[11.248,58.369],[11.33,58.38],[11.432,58.34],[11.449,58.118],[11.549,58.001],[11.703,57.973],[11.735,57.718],[11.879,57.679],[11.885,57.613],[11.962,57.426],[12.053,57.447],[12.152,57.227],[12.421,56.906],[12.573,56.823],[12.718,56.663],[12.884,56.618],[12.92,56.516],[12.857,56.452],[12.773,56.456],[12.656,56.441],[12.691,56.384],[12.742,56.347],[12.802,56.264],[12.706,56.235],[12.507,56.293],[12.521,56.246],[12.593,56.138],[12.835,55.882],[12.942,55.806],[12.974,55.748],[12.978,55.694],[12.939,55.533],[12.941,55.482],[12.886,55.411],[13.321,55.346],[13.806,55.429],[14.08,55.392],[14.174,55.397],[14.342,55.528],[14.276,55.636],[14.203,55.729],[14.215,55.833],[14.262,55.888],[14.402,55.977],[14.559,56.049],[14.656,56.02],[14.755,56.033],[14.714,56.134],[14.782,56.162],[15.051,56.172],[15.327,56.151],[15.51,56.183],[15.627,56.186],[15.722,56.164],[15.827,56.125],[15.92,56.167],[15.997,56.223],[16.151,56.501],[16.217,56.59],[16.349,56.709],[16.408,56.809],[16.458,56.927],[16.528,57.068],[16.479,57.188],[16.476,57.265],[16.631,57.43],[16.652,57.501],[16.604,57.568],[16.584,57.642],[16.586,57.761],[16.555,57.812],[16.597,57.913],[16.695,57.918],[16.7,58.161],[16.77,58.214],[16.717,58.303],[16.652,58.434],[16.824,58.46],[16.924,58.493],[16.788,58.585],[16.683,58.6],[16.478,58.613],[16.391,58.602],[16.318,58.628],[16.316,58.664],[16.639,58.651],[16.978,58.654],[17.103,58.711],[17.348,58.781],[17.457,58.858],[17.67,58.916],[17.765,58.965],[17.829,58.955],[17.975,59.003],[18.098,59.062],[18.285,59.109],[18.373,59.18],[18.414,59.29],[18.499,59.292],[18.618,59.327],[18.56,59.394],[18.509,59.408],[18.396,59.369],[18.271,59.367],[18.211,59.331],[18.133,59.316],[17.98,59.329],[17.964,59.359],[18.164,59.43],[18.217,59.421],[18.338,59.477],[18.402,59.49],[18.578,59.566],[18.719,59.657],[18.896,59.733],[18.971,59.757],[18.99,59.828],[18.933,59.942],[18.787,60.079],[18.601,60.119],[18.535,60.153],[18.558,60.254],[18.4,60.337],[18.25,60.362],[18.163,60.408],[18.011,60.511],[17.956,60.59],[17.872,60.58],[17.742,60.539],[17.661,60.535],[17.593,60.628],[17.555,60.643],[17.36,60.641],[17.251,60.701],[17.279,60.812],[17.203,60.952],[17.213,60.986],[17.186,61.147],[17.18,61.249],[17.164,61.278],[17.2,61.312],[17.138,61.382],[17.164,61.458],[17.131,61.576],[17.216,61.656],[17.196,61.725],[17.335,61.692],[17.465,61.684],[17.417,61.741],[17.375,61.866],[17.51,62.166],[17.563,62.212],[17.634,62.233],[17.535,62.264],[17.429,62.335],[17.373,62.427],[17.41,62.508],[17.509,62.483],[17.571,62.451],[17.646,62.451],[17.718,62.501],[17.834,62.503],[17.947,62.578],[18.037,62.601],[18.007,62.626],[17.903,62.659],[17.974,62.721],[17.896,62.831],[18.094,62.836],[18.074,62.791],[18.17,62.789],[18.248,62.849],[18.463,62.896],[18.502,62.989],[18.313,62.996],[18.344,63.032],[18.531,63.064],[18.606,63.178],[18.667,63.177],[18.85,63.224],[18.817,63.257],[19.034,63.238],[19.236,63.347],[19.288,63.429],[19.354,63.477],[19.495,63.424],[19.502,63.509],[19.656,63.458],[19.722,63.463],[19.782,63.538],[19.914,63.611],[20.205,63.662],[20.371,63.723],[20.454,63.774],[20.678,63.826],[20.763,63.868],[21.018,64.178],[21.256,64.299],[21.465,64.38],[21.52,64.463],[21.394,64.544],[21.332,64.629],[21.279,64.725],[21.138,64.809],[21.196,64.877],[21.425,65.013],[21.574,65.126],[21.581,65.161],[21.506,65.245],[21.567,65.255],[21.613,65.299],[21.523,65.359],[21.566,65.408],[21.681,65.403],[21.88,65.424],[21.95,65.47],[21.903,65.508],[21.92,65.532],[22.087,65.53],[22.148,65.553],[22.086,65.611],[22.254,65.598],[22.275,65.725],[22.366,65.843],[22.465,65.853],[22.539,65.794],[22.62,65.807],[22.747,65.871],[22.919,65.786],[23.102,65.735],[23.221,65.786],[23.418,65.804],[23.592,65.805],[23.691,65.829],[23.891,65.782],[24.155,65.805],[24.049,65.99],[23.907,66.148],[23.751,66.191],[23.7,66.253],[23.674,66.381],[23.701,66.481],[23.768,66.506],[23.866,66.577],[23.894,66.707],[23.939,66.776],[23.989,66.811],[23.942,66.878],[23.759,67.003],[23.677,67.068],[23.623,67.184],[23.657,67.268],[23.775,67.329],[23.734,67.423],[23.661,67.44],[23.468,67.45],[23.465,67.518],[23.537,67.59],[23.5,67.696],[23.488,67.797],[23.502,67.875],[23.633,67.933],[23.639,67.954],[23.474,68.017],[23.355,68.089],[23.319,68.13],[23.183,68.137],[23.098,68.258],[22.975,68.316],[22.782,68.391],[22.362,68.464],[22.195,68.478],[21.997,68.521],[21.724,68.609],[21.616,68.651],[21.465,68.691],[21.422,68.725],[21.26,68.787],[21.183,68.829],[20.919,68.907],[20.895,68.98],[20.622,69.037],[20.117,69.021],[20.337,68.9],[20.348,68.849],[20.319,68.754],[20.24,68.673],[20.147,68.607],[19.969,68.542],[20.24,68.478],[19.97,68.356],[19.87,68.362],[19.259,68.465],[19.053,68.493],[18.77,68.5],[18.379,68.562],[18.163,68.528],[18.147,68.468],[18.156,68.317],[18.177,68.201],[18.125,68.133],[17.917,67.965],[17.325,68.104],[17.171,68.03],[16.784,67.895],[16.586,67.628],[16.457,67.552],[16.194,67.505],[16.127,67.426],[16.361,67.252],[16.434,67.155],[16.404,67.055],[16.238,66.976],[15.884,66.769],[15.557,66.552],[15.423,66.49],[15.484,66.306],[15.375,66.252],[15.153,66.191],[14.918,66.154],[14.543,66.129],[14.635,65.845],[14.635,65.793],[14.55,65.646],[14.48,65.301],[14.426,65.264],[14.352,65.171],[14.115,64.946],[13.65,64.582],[13.874,64.514],[14.078,64.464],[14.12,64.388],[14.148,64.26],[14.141,64.174],[14.003,64.041],[13.961,64.014],[13.3,64.075],[13.204,64.075],[12.988,64.05],[12.793,64],[12.663,63.94],[12.302,63.671],[12.175,63.596],[12.212,63.492],[12,63.292],[12.139,63.089],[12.218,63.001],[12.109,62.919],[12.14,62.721],[12.115,62.592],[12.304,62.286],[12.292,62.167],[12.155,61.721],[12.292,61.653],[12.487,61.573],[12.596,61.541],[12.758,61.446],[12.881,61.352],[12.828,61.222],[12.776,61.174],[12.683,61.047],[12.468,61.042],[12.294,61.003],[12.315,60.892],[12.445,60.69],[12.554,60.546],[12.589,60.451],[12.553,60.354],[12.516,60.305],[12.515,60.239],[12.486,60.107],[12.292,59.967],[12.169,59.913],[11.988,59.891],[11.932,59.864],[11.834,59.697],[11.681,59.592],[11.685,59.556],[11.743,59.431],[11.798,59.29],[11.712,59.019],[11.643,58.926],[11.544,58.893],[11.471,58.91],[11.388,59.037]]]]},"properties":{"iso3":"SWE","name":"Sweden"}},
{"type":"Feature","geometry":{"type":"Polygon","coordinates":[[[42.359,37.109],[42.313,37.23],[42.269,37.277],[42.203,37.297],[42.168,37.289],[42.06,37.206],[41.887,37.156],[41.744,37.126],[41.516,37.089],[41.34,37.071],[41.265,37.069],[41.102,37.086],[40.959,37.109],[40.816,37.108],[40.706,37.098],[40.45,37.009],[40.016,36.826],[39.687,36.739],[39.501,36.702],[39.357,36.682],[39.108,36.681],[38.906,36.695],[38.767,36.693],[38.689,36.715],[38.578,36.789],[38.444,36.862],[38.306,36.893],[38.192,36.902],[37.907,36.795],[37.818,36.766],[37.72,36.744],[37.524,36.678],[37.436,36.643],[37.187,36.656],[37.066,36.653],[36.985,36.702],[36.942,36.758],[36.777,36.793],[36.659,36.803],[36.628,36.778],[36.597,36.701],[36.538,36.457],[36.641,36.264],[36.637,36.234],[36.477,36.221],[36.421,36.203],[36.375,36.171],[36.348,36.004],[36.249,35.973],[36.202,35.938],[36.154,35.834],[36.127,35.831],[35.968,35.91],[35.893,35.917],[35.84,35.849],[35.764,35.572],[35.902,35.421],[35.918,35.3],[35.943,35.224],[35.89,35.06],[35.888,34.949],[35.899,34.852],[35.976,34.629],[36.151,34.629],[36.264,34.633],[36.296,34.679],[36.384,34.658],[36.433,34.613],[36.326,34.513],[36.456,34.466],[36.504,34.432],[36.585,34.221],[36.535,34.134],[36.458,34.057],[36.423,34.05],[36.355,34.011],[36.298,33.959],[36.282,33.894],[36.363,33.855],[36.349,33.827],[36.283,33.836],[36.15,33.84],[36.092,33.832],[36.019,33.784],[35.968,33.732],[35.942,33.668],[35.972,33.623],[36.027,33.598],[36.022,33.563],[35.927,33.5],[35.915,33.465],[35.841,33.416],[35.793,33.334],[35.785,33.291],[35.809,33.209],[35.833,33.164],[35.817,33.133],[35.845,33.085],[35.859,32.989],[35.888,32.944],[35.842,32.876],[35.833,32.82],[35.787,32.735],[35.895,32.714],[35.956,32.667],[36.059,32.534],[36.22,32.495],[36.284,32.457],[36.372,32.387],[36.479,32.361],[36.818,32.317],[37.318,32.591],[37.754,32.83],[38.056,32.995],[38.516,33.237],[38.774,33.372],[39.268,33.62],[39.564,33.768],[40.122,34.048],[40.689,34.332],[40.935,34.387],[40.987,34.429],[41.195,34.769],[41.199,34.805],[41.2,35.027],[41.216,35.288],[41.248,35.427],[41.303,35.551],[41.354,35.64],[41.359,35.725],[41.353,35.81],[41.246,36.073],[41.252,36.203],[41.262,36.272],[41.296,36.383],[41.354,36.464],[41.417,36.515],[41.789,36.597],[42.084,36.826],[42.35,37.061],[42.359,37.109]]]},"properties":{"iso3":"SYR","name":"Syria"}},
{"type":"Feature","geometry":{"type":"MultiPolygon","coordinates":[[[[55.977,41.322],[55.839,41.311],[55.679,41.279],[55.545,41.263],[55.487,41.272],[55.434,41.296],[55.32,41.408],[55.25,41.458],[55.102,41.639],[54.952,41.81],[54.904,41.919],[54.854,41.965],[54.678,42.078],[54.272,42.28],[54.121,42.335],[53.926,42.33],[53.685,42.297],[53.25,42.206],[53.056,42.148],[52.871,42.061],[52.697,41.944],[52.494,41.78],[52.609,41.529],[52.747,41.365],[52.826,41.231],[52.862,41.21],[52.83,41.342],[52.882,41.614],[52.883,41.653],[52.815,41.712],[52.905,41.896],[52.97,41.976],[53.108,42.07],[53.164,42.094],[53.285,42.082],[53.496,42.12],[53.625,42.136],[53.752,42.129],[53.846,42.091],[53.954,41.868],[53.995,41.773],[54.04,41.643],[54.095,41.519],[54.181,41.432],[54.285,41.364],[54.592,41.194],[54.671,41.122],[54.704,41.071],[54.723,40.951],[54.71,40.891],[54.657,40.858],[54.547,40.832],[54.374,40.871],[54.319,40.835],[54.336,40.765],[54.377,40.693],[54.283,40.694],[54.193,40.72],[54.089,40.707],[53.87,40.649],[53.764,40.666],[53.694,40.746],[53.615,40.819],[53.52,40.831],[53.424,40.793],[53.333,40.783],[53.192,40.809],[53.145,40.825],[53.06,40.89],[52.998,40.96],[52.943,41.038],[52.889,40.863],[52.85,40.686],[52.785,40.547],[52.734,40.399],[52.744,40.22],[52.805,40.054],[52.898,39.913],[52.952,39.895],[52.988,39.988],[53.139,39.979],[53.289,39.958],[53.404,39.96],[53.454,39.941],[53.487,39.909],[53.458,39.831],[53.45,39.749],[53.472,39.669],[53.582,39.607],[53.603,39.547],[53.497,39.533],[53.39,39.536],[53.305,39.557],[53.236,39.609],[53.125,39.432],[53.124,39.347],[53.157,39.265],[53.203,39.317],[53.267,39.343],[53.336,39.341],[53.475,39.306],[53.539,39.274],[53.618,39.216],[53.705,39.21],[53.724,39.103],[53.815,39.018],[53.869,38.949],[53.885,38.864],[53.874,38.742],[53.852,38.622],[53.84,38.515],[53.852,38.406],[53.854,38.286],[53.825,38.047],[53.824,37.928],[53.848,37.67],[53.914,37.344],[54.192,37.332],[54.3,37.354],[54.459,37.408],[54.579,37.44],[54.64,37.445],[54.745,37.502],[54.849,37.723],[54.9,37.778],[55.076,37.902],[55.225,37.981],[55.381,38.051],[55.578,38.1],[55.841,38.095],[56.05,38.078],[56.229,38.073],[56.297,38.095],[56.324,38.191],[56.367,38.223],[56.441,38.249],[56.67,38.257],[56.775,38.25],[56.907,38.213],[57.079,38.21],[57.194,38.216],[57.26,38.18],[57.331,38.089],[57.336,37.99],[57.424,37.948],[57.521,37.928],[57.711,37.905],[57.888,37.861],[58.109,37.783],[58.262,37.666],[58.387,37.635],[58.436,37.639],[58.55,37.688],[58.65,37.652],[58.701,37.656],[58.815,37.683],[58.937,37.65],[59.241,37.521],[59.302,37.511],[59.345,37.445],[59.367,37.334],[59.455,37.253],[59.562,37.179],[59.687,37.138],[59.949,37.042],[60.063,36.963],[60.178,36.829],[60.321,36.654],[60.341,36.638],[60.708,36.643],[61.12,36.643],[61.17,36.572],[61.16,36.433],[61.175,36.29],[61.212,36.191],[61.212,36.099],[61.183,36.053],[61.153,35.977],[61.206,35.944],[61.252,35.868],[61.259,35.762],[61.236,35.706],[61.239,35.659],[61.262,35.62],[61.345,35.629],[61.422,35.546],[61.543,35.458],[61.621,35.432],[61.72,35.419],[61.841,35.431],[61.938,35.448],[61.984,35.444],[62.09,35.38],[62.213,35.29],[62.253,35.25],[62.271,35.189],[62.308,35.171],[62.387,35.231],[62.463,35.251],[62.611,35.233],[62.723,35.271],[62.858,35.35],[63.057,35.446],[63.084,35.568],[63.119,35.638],[63.17,35.678],[63.109,35.819],[63.13,35.846],[63.179,35.858],[63.302,35.858],[63.517,35.913],[63.697,35.968],[63.863,36.012],[63.938,36.02],[64.01,36.012],[64.042,36.025],[64.051,36.068],[64.092,36.113],[64.184,36.149],[64.358,36.226],[64.511,36.341],[64.566,36.428],[64.603,36.555],[64.753,36.965],[64.782,37.059],[64.816,37.132],[64.952,37.194],[65,37.209],[65,38.579],[64.821,38.672],[64.66,38.736],[64.532,38.816],[64.31,38.977],[64.163,38.954],[63.953,39.058],[63.764,39.161],[63.721,39.188],[63.506,39.377],[63.058,39.633],[62.651,39.858],[62.483,39.976],[62.442,40.036],[62.375,40.332],[62.298,40.467],[62.188,40.541],[62.095,40.683],[62.018,40.894],[61.954,41.031],[61.903,41.094],[61.8,41.163],[61.645,41.24],[61.497,41.276],[61.444,41.275],[61.388,41.252],[61.329,41.195],[61.179,41.191],[61.12,41.211],[60.933,41.229],[60.867,41.249],[60.755,41.246],[60.514,41.216],[60.455,41.222],[60.2,41.349],[60.09,41.399],[60.067,41.427],[60.069,41.476],[60.138,41.594],[60.124,41.645],[60.076,41.701],[60.076,41.76],[60.109,41.793],[60.176,41.782],[60.192,41.834],[60.107,41.907],[59.963,41.954],[59.942,41.974],[59.974,42.019],[59.982,42.132],[60.006,42.191],[59.858,42.295],[59.763,42.302],[59.451,42.3],[59.354,42.323],[59.277,42.356],[59.199,42.482],[59.123,42.524],[58.931,42.54],[58.877,42.561],[58.73,42.676],[58.589,42.778],[58.532,42.682],[58.477,42.663],[58.353,42.672],[58.26,42.688],[58.152,42.628],[58.162,42.603],[58.289,42.527],[58.418,42.407],[58.477,42.34],[58.457,42.292],[58.397,42.292],[58.371,42.347],[58.327,42.399],[58.234,42.448],[58.075,42.487],[58.029,42.488],[57.946,42.42],[57.923,42.335],[57.856,42.231],[57.814,42.19],[57.686,42.165],[57.382,42.156],[57.291,42.124],[57.229,42.084],[57.114,41.957],[57.034,41.915],[56.964,41.857],[56.985,41.669],[57.018,41.451],[57.119,41.35],[57.018,41.263],[56.966,41.265],[56.774,41.288],[55.977,41.322]]],[[[53.11,38.803],[53.055,39.038],[53.092,39.094],[53.053,39.097],[53.019,39.053],[53.046,38.897],[53.1,38.756],[53.11,38.803]]]]},"properties":{"iso3":"TKM","name":"Turkmenistan"}},
{"type":"Feature","geometry":{"type":"MultiPolygon","coordinates":[[[[11.505,33.182],[11.401,33.225],[11.338,33.209],[11.234,33.234],[11.203,33.249],[11.27,33.286],[11.257,33.309],[11.15,33.369],[11.085,33.563],[10.958,33.626],[10.898,33.534],[10.828,33.519],[10.723,33.514],[10.704,33.61],[10.713,33.689],[10.454,33.663],[10.305,33.728],[10.159,33.85],[10.049,34.056],[10.04,34.14],[10.065,34.212],[10.118,34.28],[10.2,34.346],[10.535,34.545],[10.691,34.678],[10.866,34.884],[10.956,35.034],[11.12,35.24],[11.043,35.335],[11.032,35.454],[11.001,35.552],[11.004,35.634],[10.784,35.772],[10.689,35.8],[10.591,35.887],[10.506,36.032],[10.477,36.175],[10.488,36.255],[10.526,36.323],[10.642,36.42],[10.798,36.493],[10.967,36.743],[11.057,36.841],[11.127,36.874],[11.077,36.967],[11.054,37.073],[10.951,37.059],[10.766,36.93],[10.571,36.879],[10.518,36.791],[10.412,36.732],[10.293,36.781],[10.334,36.865],[10.189,37.034],[10.196,37.206],[10.087,37.251],[9.988,37.258],[9.876,37.254],[9.896,37.182],[9.83,37.135],[9.784,37.211],[9.838,37.309],[9.688,37.34],[9.142,37.195],[9.059,37.156],[8.824,36.998],[8.577,36.937],[8.598,36.884],[8.601,36.834],[8.444,36.761],[8.37,36.633],[8.231,36.545],[8.209,36.495],[8.303,36.456],[8.334,36.418],[8.349,36.368],[8.307,36.189],[8.246,35.871],[8.247,35.802],[8.318,35.655],[8.329,35.582],[8.316,35.403],[8.394,35.204],[8.312,35.085],[8.277,34.979],[8.246,34.734],[8.193,34.646],[8.123,34.564],[8.046,34.513],[7.838,34.41],[7.749,34.254],[7.554,34.125],[7.514,34.081],[7.496,33.977],[7.5,33.832],[7.534,33.718],[7.628,33.549],[7.709,33.362],[7.731,33.269],[7.763,33.233],[7.877,33.172],[8.076,33.089],[8.113,33.055],[8.211,32.927],[8.304,32.696],[8.333,32.544],[8.683,32.31],[9.019,32.105],[9.044,32.072],[9.16,31.621],[9.288,31.125],[9.363,30.833],[9.519,30.229],[9.638,30.282],[9.807,30.342],[9.895,30.387],[9.933,30.425],[10.06,30.58],[10.216,30.783],[10.256,30.865],[10.257,30.941],[10.243,31.032],[10.173,31.251],[10.115,31.464],[10.16,31.546],[10.275,31.685],[10.306,31.705],[10.476,31.736],[10.544,31.803],[10.596,31.886],[10.609,31.93],[10.772,32.021],[10.826,32.081],[11.168,32.257],[11.505,32.414],[11.536,32.473],[11.534,32.525],[11.454,32.643],[11.454,32.782],[11.467,32.966],[11.505,33.182]]],[[[10.958,33.722],[11.038,33.785],[11.018,33.823],[10.922,33.893],[10.745,33.889],[10.734,33.856],[10.722,33.739],[10.857,33.687],[10.958,33.722]]]]},"properties":{"iso3":"TUN","name":"Tunisia"}},
{"type":"Feature","geometry":{"type":"Polygon","coordinates":[[[65,38.579],[65,43.651],[64.905,43.715],[64.812,43.694],[64.443,43.551],[63.68,43.599],[63.207,43.628],[62.459,43.537],[62.072,43.489],[61.99,43.492],[61.723,43.714],[61.385,43.994],[61.161,44.169],[61.097,44.248],[61.065,44.348],[61.008,44.394],[60.603,44.587],[60.188,44.784],[59.774,44.981],[59.36,45.179],[58.669,45.508],[58.555,45.555],[58.449,45.543],[57.961,45.44],[57.477,45.337],[56.792,45.181],[55.976,44.995],[55.976,44.306],[55.976,43.618],[55.977,42.929],[55.977,42.47],[55.977,41.781],[55.977,41.322],[56.774,41.288],[56.966,41.265],[57.018,41.263],[57.119,41.35],[57.018,41.451],[56.985,41.669],[56.964,41.857],[57.034,41.915],[57.114,41.957],[57.229,42.084],[57.291,42.124],[57.382,42.156],[57.686,42.165],[57.814,42.19],[57.856,42.231],[57.923,42.335],[57.946,42.42],[58.029,42.488],[58.075,42.487],[58.234,42.448],[58.327,42.399],[58.371,42.347],[58.397,42.292],[58.457,42.292],[58.477,42.34],[58.418,42.407],[58.289,42.527],[58.162,42.603],[58.152,42.628],[58.26,42.688],[58.353,42.672],[58.477,42.663],[58.532,42.682],[58.589,42.778],[58.73,42.676],[58.877,42.561],[58.931,42.54],[59.123,42.524],[59.199,42.482],[59.277,42.356],[59.354,42.323],[59.451,42.3],[59.763,42.302],[59.858,42.295],[60.006,42.191],[59.982,42.132],[59.974,42.019],[59.942,41.974],[59.963,41.954],[60.107,41.907],[60.192,41.834],[60.176,41.782],[60.109,41.793],[60.076,41.76],[60.076,41.701],[60.124,41.645],[60.138,41.594],[60.069,41.476],[60.067,41.427],[60.09,41.399],[60.2,41.349],[60.455,41.222],[60.514,41.216],[60.755,41.246],[60.867,41.249],[60.933,41.229],[61.12,41.211],[61.179,41.191],[61.329,41.195],[61.388,41.252],[61.444,41.275],[61.497,41.276],[61.645,41.24],[61.8,41.163],[61.903,41.094],[61.954,41.031],[62.018,40.894],[62.095,40.683],[62.188,40.541],[62.298,40.467],[62.375,40.332],[62.442,40.036],[62.483,39.976],[62.651,39.858],[63.058,39.633],[63.506,39.377],[63.721,39.188],[63.764,39.161],[63.953,39.058],[64.163,38.954],[64.31,38.977],[64.532,38.816],[64.66,38.736],[64.821,38.672],[65,38.579]]]},"properties":{"iso3":"UZB","name":"Uzbekistan"}},
{"type":"Feature","geometry":{"type":"Polygon","coordinates":[[[12.439,41.898],[12.438,41.906],[12.431,41.905],[12.431,41.898],[12.439,41.898]]]},"properties":{"iso3":"VAT","name":"Vatican"}}
]}
